id,conversation_id,created_at,date,time,timezone,user_id,username,name,place,tweet,mentions,urls,photos,replies_count,retweets_count,likes_count,hashtags,cashtags,link,retweet,quote_url,video,near,geo,source,user_rt_id,user_rt,retweet_id,reply_to,retweet_date
601537950279667712,597500567875813376,1432252798000,2015-05-22,05:29:58,IST,2277372099,lindasculthorpe,Linda Sculthorpe,,"@FailuresOnTV Such a sad story of another young girl suffering with depression,üò¢God bless her.",['failuresontv'],[],[],0,0,1,[],[],https://twitter.com/LindaSculthorpe/status/601537950279667712,False,,0,,,,,,,"[{'user_id': '2277372099', 'username': 'LindaSculthorpe'}, {'user_id': '1633792610', 'username': 'FailuresOnTV'}]",
601537934785847296,601537934785847296,1432252794000,2015-05-22,05:29:54,IST,138305169,ksaavage_,k.ü•Ä,,"When I'm home for good back in Cali, I think my life will start to get better until then I deal with depression üòê",[],[],[],0,0,1,[],[],https://twitter.com/ksaavage_/status/601537934785847296,False,,0,,,,,,,"[{'user_id': '138305169', 'username': 'ksaavage_'}]",
601537867190575104,601537867190575104,1432252778000,2015-05-22,05:29:38,IST,3167356916,helenvtrom87,helen park,,Study: Men With Sleep Apnea More Likely To Suffer From Depression ‚Äì Forbes  http://ift.tt/1cQYoDh¬†,[],['http://ift.tt/1cQYoDh'],[],0,0,0,[],[],https://twitter.com/helenvtrom87/status/601537867190575104,False,,0,,,,,,,"[{'user_id': '3167356916', 'username': 'helenvtrom87'}]",
601537844809572352,601537844809572352,1432252772000,2015-05-22,05:29:32,IST,2362933465,jennischell69,Jenni Kieffer Schell,,Check out Antique Jeanette Pink Poinsettia/Floral Depression Glass Covered Candy Jar  http://www.ebay.com/itm/111677018908¬†‚Ä¶ @eBay,['ebay'],['http://www.ebay.com/itm/111677018908'],[],0,0,0,[],[],https://twitter.com/JenniSchell69/status/601537844809572352,False,,0,,,,,,,"[{'user_id': '2362933465', 'username': 'JenniSchell69'}, {'user_id': '19709040', 'username': 'eBay'}]",
601537806909898752,601537806909898752,1432252763000,2015-05-22,05:29:23,IST,2362933465,jennischell69,Jenni Kieffer Schell,,Check out Antique Hazel Atlas Cloverleaf Pink Depression Sherbet Glasses 4Pc Set Free S&H!  http://www.ebay.com/itm/121657953273¬†‚Ä¶ @eBay,['ebay'],['http://www.ebay.com/itm/121657953273'],[],0,0,0,[],[],https://twitter.com/JenniSchell69/status/601537806909898752,False,,0,,,,,,,"[{'user_id': '2362933465', 'username': 'JenniSchell69'}, {'user_id': '19709040', 'username': 'eBay'}]",
601537798525612032,601537798525612032,1432252761000,2015-05-22,05:29:21,IST,3168751682,ardishgw342,anita preston,,Study: Men With Sleep Apnea More Likely To Suffer From Depression ‚Äì Forbes  http://ift.tt/1cQYoDh¬†,[],['http://ift.tt/1cQYoDh'],[],0,0,0,[],[],https://twitter.com/ardishgw342/status/601537798525612032,False,,0,,,,,,,"[{'user_id': '3168751682', 'username': 'ardishgw342'}]",
601537755823394816,601537755823394816,1432252751000,2015-05-22,05:29:11,IST,3096814430,hembilliour345,Jose Walters,,Study: Men With Sleep Apnea More Likely To Suffer From Depression ‚Äì Forbes  http://ift.tt/1cQYoDh¬†,[],['http://ift.tt/1cQYoDh'],[],0,0,0,[],[],https://twitter.com/Hembilliour345/status/601537755823394816,False,,0,,,,,,,"[{'user_id': '3096814430', 'username': 'Hembilliour345'}]",
601537718988906496,601537718988906496,1432252742000,2015-05-22,05:29:02,IST,103411439,hanounknwn,HANO ü•µ,,Chronic depression üòê,[],[],[],0,0,0,[],[],https://twitter.com/HanoUnknwn/status/601537718988906496,False,,0,,,,,,,"[{'user_id': '103411439', 'username': 'HanoUnknwn'}]",
601537675464695809,601537675464695809,1432252732000,2015-05-22,05:28:52,IST,620447590,kstanuszek,Kate,,can someone tell me why he is talking about the Great Depression?,[],[],[],0,0,0,[],[],https://twitter.com/KStanuszek/status/601537675464695809,False,,0,,,,,,,"[{'user_id': '620447590', 'username': 'KStanuszek'}]",
601537651758518272,601537651758518272,1432252726000,2015-05-22,05:28:46,IST,2419632289,korosu_sutcliff,Bre,,SHIT I HAVE ANXIETY  DEPRESSION  D.I.D AND I LACK A SOUL  AND I HAVE B.E.D,[],[],[],0,0,0,[],[],https://twitter.com/korosu_sutcliff/status/601537651758518272,False,,0,,,,,,,"[{'user_id': '2419632289', 'username': 'korosu_sutcliff'}]",
601537546124800001,601537546124800001,1432252701000,2015-05-22,05:28:21,IST,2362933465,jennischell69,Jenni Kieffer Schell,,Check out Antique Hazel Atlas Cloverleaf Pink Depression Sherbet Glasses 3Pc Set Free S&H!  http://www.ebay.com/itm/111677020619¬†‚Ä¶ @eBay,['ebay'],['http://www.ebay.com/itm/111677020619'],[],0,0,0,[],[],https://twitter.com/JenniSchell69/status/601537546124800001,False,,0,,,,,,,"[{'user_id': '2362933465', 'username': 'JenniSchell69'}, {'user_id': '19709040', 'username': 'eBay'}]",
601537528555012096,601537528555012096,1432252697000,2015-05-22,05:28:17,IST,1363330238,bewareofchaos,-,,I'm falling back into depression and it's all bc of u,[],[],[],1,1,0,[],[],https://twitter.com/bewareofchaos/status/601537528555012096,False,,0,,,,,,,"[{'user_id': '1363330238', 'username': 'bewareofchaos'}]",
601537522561343488,601537522561343488,1432252696000,2015-05-22,05:28:16,IST,300495594,sambaileyreal,Sam Bailey Official,,"For my fans who suffer depression, please know how much you are loved.  You‚Äôre not alone. This performance is 4 you.  https://www.youtube.com/watch?v=_uQob52j9XA¬†‚Ä¶",[],['https://www.youtube.com/watch?v=_uQob52j9XA'],[],45,62,137,[],[],https://twitter.com/SamBaileyREAL/status/601537522561343488,False,,0,,,,,,,"[{'user_id': '300495594', 'username': 'SamBaileyREAL'}]",
601537470216278016,601537470216278016,1432252683000,2015-05-22,05:28:03,IST,849901861,olivoriana,oriana,,meatloaf gives me depression,[],[],[],0,0,1,[],[],https://twitter.com/olivoriana/status/601537470216278016,False,,0,,,,,,,"[{'user_id': '849901861', 'username': 'olivoriana'}]",
601537331594547200,601537331594547200,1432252650000,2015-05-22,05:27:30,IST,2491866289,freeboxster,FreeBoxster,,"Managing symptoms, managing work: Depression and employment: Having depression can be a sign...  http://bit.ly/1Skzc8U¬† #unemployment #UK",[],['http://bit.ly/1Skzc8U'],[],0,0,0,"['#unemployment', '#uk']",[],https://twitter.com/FreeBoxster/status/601537331594547200,False,,0,,,,,,,"[{'user_id': '2491866289', 'username': 'FreeBoxster'}]",
601537300300996608,601537300300996608,1432252643000,2015-05-22,05:27:23,IST,3168755329,alanesrfit64,alanes moran,,Study: Men With Sleep Apnea More Likely To Suffer From Depression ‚Äì Forbes  http://ift.tt/1cQYoDh¬†,[],['http://ift.tt/1cQYoDh'],[],0,0,0,[],[],https://twitter.com/alanesrfit64/status/601537300300996608,False,,0,,,,,,,"[{'user_id': '3168755329', 'username': 'alanesrfit64'}]",
601537212597997568,601537212597997568,1432252622000,2015-05-22,05:27:02,IST,161826776,veravsc,vera,,"""A Rainy Day"" Art therapy project about optimism and overcoming depression from rectherapyideas.blog  http://pinterest.com/pin/272256739950002319/¬†‚Ä¶",[],['http://pinterest.com/pin/272256739950002319/'],[],0,0,0,[],[],https://twitter.com/veravsc/status/601537212597997568,False,,0,,,,,,,"[{'user_id': '161826776', 'username': 'veravsc'}]",
601537129005613058,601537129005613058,1432252602000,2015-05-22,05:26:42,IST,318873050,chinkbaby_,Queenüëë,,I'm going through depression üòîüòì,[],[],[],0,0,0,[],[],https://twitter.com/ChinkBaby_/status/601537129005613058,False,,0,,,,,,,"[{'user_id': '318873050', 'username': 'ChinkBaby_'}]",
601537082658459648,601537082658459648,1432252591000,2015-05-22,05:26:31,IST,1027330916,jackie0_douglas,Jackie Douglas,,Sleeping is always a good escape plan #sleep #depression #anxiety,[],[],[],1,0,0,"['#sleep', '#depression', '#anxiety']",[],https://twitter.com/jackie0_douglas/status/601537082658459648,False,,0,,,,,,,"[{'user_id': '1027330916', 'username': 'jackie0_douglas'}]",
601537079579975680,601537079579975680,1432252590000,2015-05-22,05:26:30,IST,3147275873,trendingdrugs,Trending Drugs,,16 Damaging Myths About Depression You Need To Stop Believing  http://drugs.trendolizer.com/2015/05/16-damaging-myths-about-depression-you-need-to-stop-believing.html¬†‚Ä¶ pic.twitter.com/8Tcl4W0TPQ,[],['http://drugs.trendolizer.com/2015/05/16-damaging-myths-about-depression-you-need-to-stop-believing.html'],['https://pbs.twimg.com/media/CFkWyVuWYAAmWmT.png'],0,1,0,[],[],https://twitter.com/TrendingDrugs/status/601537079579975680,False,,0,,,,,,,"[{'user_id': '3147275873', 'username': 'TrendingDrugs'}]",
601537076979441665,601537076979441665,1432252589000,2015-05-22,05:26:29,IST,3094757504,againgly74,Wayne Cockrum,,Study: Men With Sleep Apnea More Likely To Suffer From Depression ‚Äì Forbes  http://ift.tt/1cQYoDh¬†,[],['http://ift.tt/1cQYoDh'],[],0,0,0,[],[],https://twitter.com/Againgly74/status/601537076979441665,False,,0,,,,,,,"[{'user_id': '3094757504', 'username': 'Againgly74'}]",
601537059828924416,601535721606926336,1432252585000,2015-05-22,05:26:25,IST,2809284941,lwsradio,Lanada Williams,,"@EmpowHER #lwsradio Chronic stress can cause hairloss, depression, weight, gain, reducs sex drive, and insomnia",['empowher'],[],[],0,0,0,['#lwsradio'],[],https://twitter.com/lwsradio/status/601537059828924416,False,,0,,,,,,,"[{'user_id': '2809284941', 'username': 'lwsradio'}, {'user_id': '13638892', 'username': 'EmpowHER'}]",
601537053214519296,601537053214519296,1432252584000,2015-05-22,05:26:24,IST,3179595607,ulaqpco876,paula campuzano,,Study: Men With Sleep Apnea More Likely To Suffer From Depression ‚Äì Forbes  http://ift.tt/1cQYoDh¬†,[],['http://ift.tt/1cQYoDh'],[],0,0,0,[],[],https://twitter.com/ulaqpco876/status/601537053214519296,False,,0,,,,,,,"[{'user_id': '3179595607', 'username': 'ulaqpco876'}]",
601537030191984641,601537030191984641,1432252578000,2015-05-22,05:26:18,IST,1894071576,rachel_grace24,Rachel Grace,,Depression hits randomly .. And Really hard ..,[],[],[],0,0,0,[],[],https://twitter.com/rachel_grace24/status/601537030191984641,False,,0,,,,,,,"[{'user_id': '1894071576', 'username': 'rachel_grace24'}]",
601536953968910337,601536953968910337,1432252560000,2015-05-22,05:26:00,IST,980857182,59_ba,billasher,,teenagers admitted to hospitals for anxiety and depression rose remarkably in the last four years due to sexting...  http://fb.me/1KeqdSXYr¬†,[],['http://fb.me/1KeqdSXYr'],[],0,1,1,[],[],https://twitter.com/59_ba/status/601536953968910337,False,,0,,,,,,,"[{'user_id': '980857182', 'username': '59_ba'}]",
601536921991565312,601536921991565312,1432252552000,2015-05-22,05:25:52,IST,21360608,tessa_dawn,Tessa Tabor,,So many emotions today. I just want to be happy. #igiveup #depression #anxiety #depressionproblems,[],[],[],1,0,1,"['#igiveup', '#depression', '#anxiety', '#depressionproblems']",[],https://twitter.com/tessa_dawn/status/601536921991565312,False,,0,,,,,,,"[{'user_id': '21360608', 'username': 'tessa_dawn'}]",
601536916098547712,601536916098547712,1432252551000,2015-05-22,05:25:51,IST,395278579,homagione,Homagi,,African-American Women and Depression  By¬†Nia Hamm ~ 7 min read  Depression is a huge health concern‚Ä¶  https://instagram.com/p/29pLvHEzi3/¬†,[],['https://instagram.com/p/29pLvHEzi3/'],[],0,0,0,[],[],https://twitter.com/HomagiOne/status/601536916098547712,False,,0,,,,,,,"[{'user_id': '395278579', 'username': 'HomagiOne'}]",
601536866509266945,601536866509266945,1432252539000,2015-05-22,05:25:39,IST,516490289,balo95170,BaLo & B2g,,Je r√©pond plus au menace de jeunes demoiselles en d√©pression qui se r√©veille a 1h45 car elle est perdu,[],[],[],0,0,0,[],[],https://twitter.com/Balo95170/status/601536866509266945,False,,0,,,,,,,"[{'user_id': '516490289', 'username': 'Balo95170'}]",
601536864034500608,601536864034500608,1432252539000,2015-05-22,05:25:39,IST,304064730,hanselpna,hanselp,,#mentalhealth #awarenessday #depression  pic.twitter.com/uSYxGLVKHZ,[],[],['https://pbs.twimg.com/media/CFkWlmLUMAAvwTJ.jpg'],0,1,0,"['#mentalhealth', '#awarenessday', '#depression']",[],https://twitter.com/hanselpna/status/601536864034500608,False,,0,,,,,,,"[{'user_id': '304064730', 'username': 'hanselpna'}]",
601536808988626944,601536808988626944,1432252525000,2015-05-22,05:25:25,IST,912628807,valentina_1333,Valentina cubides,,"Que dolor de cabeza, que depression üò≠üò≠üò≠üò¢",[],[],[],0,0,2,[],[],https://twitter.com/Valentina_1333/status/601536808988626944,False,,0,,,,,,,"[{'user_id': '912628807', 'username': 'Valentina_1333'}]",
601536789631885312,601536789631885312,1432252521000,2015-05-22,05:25:21,IST,390560332,versatilemby,ShakeLifeWallace,,Some people really bring the pain out you..despite your depression and your flaws.. Bt who I am to a person that don't give a fuck about you,[],[],[],0,0,1,[],[],https://twitter.com/VersatileMBY/status/601536789631885312,False,,0,,,,,,,"[{'user_id': '390560332', 'username': 'VersatileMBY'}]",
601536779259408384,601536779259408384,1432252518000,2015-05-22,05:25:18,IST,22179370,jolanswers,Journey Of Life Answers,,People with depression may be more likely to develop Parkinson's disease  http://www.sciencedaily.com/releases/2015/05/150520193529.htm¬†‚Ä¶ #feedly,[],['http://www.sciencedaily.com/releases/2015/05/150520193529.htm'],[],0,1,1,['#feedly'],[],https://twitter.com/JOLAnswers/status/601536779259408384,False,,0,,,,,,,"[{'user_id': '22179370', 'username': 'JOLAnswers'}]",
601536759877509120,601536759877509120,1432252514000,2015-05-22,05:25:14,IST,2499600174,thn3633,Eddie Taylor,,People Suffering Depression at Higher Risk for Parkinson's  http://www.newsmax.com/Health/Health-News/robin-williams-depression-parkinsons/2015/05/21/id/646119/¬†‚Ä¶ via @Newsmax_Media,[],['http://www.newsmax.com/Health/Health-News/robin-williams-depression-parkinsons/2015/05/21/id/646119/'],[],0,0,0,[],[],https://twitter.com/THN3633/status/601536759877509120,False,,0,,,,,,,"[{'user_id': '2499600174', 'username': 'THN3633'}]",
601536739321090049,601536739321090049,1432252509000,2015-05-22,05:25:09,IST,1593045150,avnue_,AVE.,,Depression for me is when i know my happiest days are in the past.,[],[],[],0,0,0,[],[],https://twitter.com/Avnue_/status/601536739321090049,False,,0,,,,,,,"[{'user_id': '1593045150', 'username': 'Avnue_'}]",
601536738356494336,601536738356494336,1432252509000,2015-05-22,05:25:09,IST,16900288,plusnone,David,,I suffer with depression and drew digital art about it  http://ift.tt/1PzDMRD¬† #reddit #art,[],['http://ift.tt/1PzDMRD'],[],0,0,0,"['#reddit', '#art']",[],https://twitter.com/PlusNone/status/601536738356494336,False,,0,,,,,,,"[{'user_id': '16900288', 'username': 'PlusNone'}]",
601536699773145088,601536699773145088,1432252499000,2015-05-22,05:24:59,IST,2646613093,imannedjar,Meme Queen üëë,,"""The thing about depression is you think you‚Äôre over it, but it‚Äôs 3 PM and you‚Äôre surrounded by your...""  http://tmblr.co/ZQFw6v1lMMfYR¬†",[],['http://tmblr.co/ZQFw6v1lMMfYR'],[],0,0,0,[],[],https://twitter.com/ImanNedjar/status/601536699773145088,False,,0,,,,,,,"[{'user_id': '2646613093', 'username': 'ImanNedjar'}]",
601536647994433536,601536647994433536,1432252487000,2015-05-22,05:24:47,IST,3221338304,randydmm,Randy DMM,,#depression is a real illness. Please don't judge. #RETWEET for support. pic.twitter.com/AShbFRmdtR,[],[],['https://pbs.twimg.com/media/CFkWZEyW0AABAuH.jpg'],0,0,0,"['#depression', '#retweet']",[],https://twitter.com/randydmm/status/601536647994433536,False,,0,,,,,,,"[{'user_id': '3221338304', 'username': 'randydmm'}]",
601536585205739521,601536585205739521,1432252472000,2015-05-22,05:24:32,IST,3142687146,julieannconk87,juliean wright,,Excellent Tips To Help You Deal With Depression  http://ift.tt/1FFZG18¬†,[],['http://ift.tt/1FFZG18'],[],0,0,0,[],[],https://twitter.com/julieannconk87/status/601536585205739521,False,,0,,,,,,,"[{'user_id': '3142687146', 'username': 'julieannconk87'}]",
601536574958997504,601536574958997504,1432252470000,2015-05-22,05:24:30,IST,2211320082,mylesxstyles,alexis,,#KAMPrimed what advice do you have for fans with depression?,[],[],[],0,1,0,['#kamprimed'],[],https://twitter.com/mylesxstyles/status/601536574958997504,False,,0,,,,,,,"[{'user_id': '2211320082', 'username': 'mylesxstyles'}]",
601536570504577024,601536570504577024,1432252469000,2015-05-22,05:24:29,IST,403311783,sandykhanna8266,Sandeep Khanna,,"Watch out. Millennials experience depression at work more than any other generation, study finds  http://pulse.me/s/43TdWW¬†",[],['http://pulse.me/s/43TdWW'],[],0,0,0,[],[],https://twitter.com/sandykhanna8266/status/601536570504577024,False,,0,,,,,,,"[{'user_id': '403311783', 'username': 'sandykhanna8266'}]",
601536537361285121,601536537361285121,1432252461000,2015-05-22,05:24:21,IST,3128362784,arlintpo37465,Arlinda Holmgrens,,Excellent Tips To Help You Deal With Depression  http://ift.tt/1FFZG18¬†,[],['http://ift.tt/1FFZG18'],[],0,0,0,[],[],https://twitter.com/arlintpo37465/status/601536537361285121,False,,0,,,,,,,"[{'user_id': '3128362784', 'username': 'arlintpo37465'}]",
601536533292781568,601536533292781568,1432252460000,2015-05-22,05:24:20,IST,2763714130,jaylahampton_,‚ãÜ jayla ‚ãÜ,,Post Strings Concert Depression is a thing üò≠üò≠üò≠üéª‚ù§Ô∏è @abbyr0gers,['abbyr0gers'],[],[],0,1,0,[],[],https://twitter.com/jaylahampton_/status/601536533292781568,False,,0,,,,,,,"[{'user_id': '2763714130', 'username': 'jaylahampton_'}, {'user_id': '2840675389', 'username': 'abbyr0gers'}]",
601536510056337408,601536510056337408,1432252454000,2015-05-22,05:24:14,IST,3094618692,kattletist453,Reyna Shannon,,Study: Men With Sleep Apnea More Likely To Suffer From Depression ‚Äì Forbes  http://ift.tt/1cQYoDh¬†,[],['http://ift.tt/1cQYoDh'],[],0,0,0,[],[],https://twitter.com/Kattletist453/status/601536510056337408,False,,0,,,,,,,"[{'user_id': '3094618692', 'username': 'Kattletist453'}]",
601536458978013184,601536458978013184,1432252442000,2015-05-22,05:24:02,IST,426192628,nessat225,Nessa,,Depression is no joke,[],[],[],0,0,0,[],[],https://twitter.com/nessat225/status/601536458978013184,False,,0,,,,,,,"[{'user_id': '426192628', 'username': 'nessat225'}]",
601536458739056640,601536458739056640,1432252442000,2015-05-22,05:24:02,IST,2987761288,atuaturivess265,Lillian Grubbs,,Excellent Tips To Help You Deal With Depression  http://ift.tt/1FFZG18¬†,[],['http://ift.tt/1FFZG18'],[],0,0,0,[],[],https://twitter.com/Atuaturivess265/status/601536458739056640,False,,0,,,,,,,"[{'user_id': '2987761288', 'username': 'Atuaturivess265'}]",
601536284172165120,601536284172165120,1432252400000,2015-05-22,05:23:20,IST,3036639410,actiumad34,Tony Wood,,Excellent Tips To Help You Deal With Depression  http://ift.tt/1FFZG18¬†,[],['http://ift.tt/1FFZG18'],[],0,0,0,[],[],https://twitter.com/Actiumad34/status/601536284172165120,False,,0,,,,,,,"[{'user_id': '3036639410', 'username': 'Actiumad34'}]",
601536252156993536,601536252156993536,1432252393000,2015-05-22,05:23:13,IST,3045222151,borldost1954,Dustin Griffith,,Study: Men With Sleep Apnea More Likely To Suffer From Depression ‚Äì Forbes  http://ift.tt/1cQYoDh¬†,[],['http://ift.tt/1cQYoDh'],[],0,0,0,[],[],https://twitter.com/Borldost1954/status/601536252156993536,False,,0,,,,,,,"[{'user_id': '3045222151', 'username': 'Borldost1954'}]",
601536185375260672,601536185375260672,1432252377000,2015-05-22,05:22:57,IST,615429925,seenasaurus,seena,,Depression could suck my ass. I hate you,[],[],[],0,0,0,[],[],https://twitter.com/Seenasaurus/status/601536185375260672,False,,0,,,,,,,"[{'user_id': '615429925', 'username': 'Seenasaurus'}]",
601536151502069760,601536151502069760,1432252369000,2015-05-22,05:22:49,IST,3018298559,wair19323,Martin Bailey,,Study: Men With Sleep Apnea More Likely To Suffer From Depression ‚Äì Forbes  http://ift.tt/1cQYoDh¬†,[],['http://ift.tt/1cQYoDh'],[],0,0,0,[],[],https://twitter.com/Wair19323/status/601536151502069760,False,,0,,,,,,,"[{'user_id': '3018298559', 'username': 'Wair19323'}]",
601536101631725569,601536101631725569,1432252357000,2015-05-22,05:22:37,IST,2448137514,alpha27a,Alpha27a,,It just sucks when I know the only thing keeping me in my depression is not knowing how to not feel the ache of loneliness. (1/2),[],[],[],0,0,0,[],[],https://twitter.com/Alpha27a/status/601536101631725569,False,,0,,,,,,,"[{'user_id': '2448137514', 'username': 'Alpha27a'}]",
601536046548066304,601536046548066304,1432252344000,2015-05-22,05:22:24,IST,902428952,cannabisresins,Cannabis Resins Mag,,RT weedsglass: RT weedsglass: RT THEMMEXCHANGE: Cannabis and Depression #depression #cannabis #medicalmarijuana #marijuana #cbd #hempoil #‚Ä¶,[],[],[],0,0,0,"['#depression', '#cannabis', '#medicalmarijuana', '#marijuana', '#cbd', '#hempoil']",[],https://twitter.com/cannabisresins/status/601536046548066304,False,,0,,,,,,,"[{'user_id': '902428952', 'username': 'cannabisresins'}]",
601535984371691520,601535984371691520,1432252329000,2015-05-22,05:22:09,IST,424325663,eac_64,Eduardo Castro,,Study: #Depression Raises Parkinson's Risk:  http://flip.it/kbofr¬† #mentalhealth,[],['http://flip.it/kbofr'],[],0,1,0,"['#depression', '#mentalhealth']",[],https://twitter.com/EAC_64/status/601535984371691520,False,,0,,,,,,,"[{'user_id': '424325663', 'username': 'EAC_64'}]",
601535977853681664,601535977853681664,1432252327000,2015-05-22,05:22:07,IST,3021760436,prietimin35,Prietimin35,,Study: Men With Sleep Apnea More Likely To Suffer From Depression ‚Äì Forbes  http://ift.tt/1cQYoDh¬†,[],['http://ift.tt/1cQYoDh'],[],0,0,0,[],[],https://twitter.com/Prietimin35/status/601535977853681664,False,,0,,,,,,,"[{'user_id': '3021760436', 'username': 'Prietimin35'}]",
601535953451159552,601535953451159552,1432252321000,2015-05-22,05:22:01,IST,336041336,mmnewzz,MMNewzz,,Millennials experience depression at work more than any other...  https://twib.in/l/L5Mpyjpr5xd¬† |  https://twibble.io¬† pic.twitter.com/MqfciUX1JR,[],"['https://twib.in/l/L5Mpyjpr5xd', 'https://twibble.io']",['https://pbs.twimg.com/media/CFkVwzLVIAAjXye.jpg'],0,1,1,[],[],https://twitter.com/MMNewzz/status/601535953451159552,False,,0,,,,,,,"[{'user_id': '336041336', 'username': 'MMNewzz'}]",
601535946123780096,601535946123780096,1432252320000,2015-05-22,05:22:00,IST,428742243,mikeglatz,glatzy,,number of times I've been asked if I have a dog: 50+  number of dogs I've had: 0  ..reference this when I kill myself of depression,[],[],[],0,0,1,[],[],https://twitter.com/mikeglatz/status/601535946123780096,False,,0,,,,,,,"[{'user_id': '428742243', 'username': 'mikeglatz'}]",
601535899881582592,601535899881582592,1432252309000,2015-05-22,05:21:49,IST,3068978748,earry1975,Jimmy Hill,,Excellent Tips To Help You Deal With Depression  http://ift.tt/1FFZG18¬†,[],['http://ift.tt/1FFZG18'],[],0,0,0,[],[],https://twitter.com/Earry1975/status/601535899881582592,False,,0,,,,,,,"[{'user_id': '3068978748', 'username': 'Earry1975'}]",
601535888523436033,601535888523436033,1432252306000,2015-05-22,05:21:46,IST,13483182,larryluv49,Larry Dooby,,"Maaan, I ain't had a job since this Depression started.  And I was unemployed for 3 years before that!",[],[],[],0,0,0,[],[],https://twitter.com/larryluv49/status/601535888523436033,False,,0,,,,,,,"[{'user_id': '13483182', 'username': 'larryluv49'}]",
601535874539491331,601533469731233793,1432252303000,2015-05-22,05:21:43,IST,20210093,angelfly72,Angela Shortt,,@LizFurl @EmpowHER #HERchat I wouldn't want anyone to go through what I did with depression. I have told people to seek help many times.,['empowher'],[],[],1,1,4,['#herchat'],[],https://twitter.com/angelfly72/status/601535874539491331,False,,0,,,,,,,"[{'user_id': '20210093', 'username': 'angelfly72'}, {'user_id': '13638892', 'username': 'EmpowHER'}]",
601535863596552192,601534461029818369,1432252300000,2015-05-22,05:21:40,IST,2274013484,yogagloww,Hot Yoga Agoura,,"@BodiScience Yoga is good for adult #caregivers who experience lower life satisfaction, depression, stress & more. #HERchat #namaste #yoga",['bodiscience'],[],[],0,0,1,"['#caregivers', '#herchat', '#namaste', '#yoga']",[],https://twitter.com/yogagloww/status/601535863596552192,False,,0,,,,,,,"[{'user_id': '2274013484', 'username': 'yogagloww'}, {'user_id': '99161243', 'username': 'BodiScience'}]",
601535825806008320,601535825806008320,1432252291000,2015-05-22,05:21:31,IST,3179495167,lulusrl765,lulu marte,,Study: Men With Sleep Apnea More Likely To Suffer From Depression ‚Äì Forbes  http://ift.tt/1cQYoDh¬†,[],['http://ift.tt/1cQYoDh'],[],0,0,0,[],[],https://twitter.com/lulusrl765/status/601535825806008320,False,,0,,,,,,,"[{'user_id': '3179495167', 'username': 'lulusrl765'}]",
601535793883193345,601535793883193345,1432252283000,2015-05-22,05:21:23,IST,3161537876,delahozb387,suzann de la hoz,,Study: Men With Sleep Apnea More Likely To Suffer From Depression ‚Äì Forbes  http://ift.tt/1cQYoDh¬†,[],['http://ift.tt/1cQYoDh'],[],0,0,0,[],[],https://twitter.com/delahozb387/status/601535793883193345,False,,0,,,,,,,"[{'user_id': '3161537876', 'username': 'delahozb387'}]",
601535792503193600,601535792503193600,1432252283000,2015-05-22,05:21:23,IST,42646189,stevieisagemini,eli is a gemini,,The most honest & open & real essay about depression I have ever read. Please read:  http://popehat.com/2015/05/21/happy-to-be-here/¬†‚Ä¶,[],['http://popehat.com/2015/05/21/happy-to-be-here/'],[],0,0,0,[],[],https://twitter.com/stevieisagemini/status/601535792503193600,False,,0,,,,,,,"[{'user_id': '42646189', 'username': 'stevieisagemini'}]",
601535784638873600,601535784638873600,1432252281000,2015-05-22,05:21:21,IST,266332598,lodavidto,L. David,,WOW. A photographer took 12 stunning pictures to capture how depression and anxiety can feel.  http://www.upworthy.com/a-photographer-took-12-stunning-pictures-to-capture-how-depression-and-anxiety-can-feel?g=2&c=ufb1¬†‚Ä¶,[],['http://www.upworthy.com/a-photographer-took-12-stunning-pictures-to-capture-how-depression-and-anxiety-can-feel?g=2&c=ufb1'],[],0,0,2,[],[],https://twitter.com/LoDavidTO/status/601535784638873600,False,,0,,,,,,,"[{'user_id': '266332598', 'username': 'LoDavidTO'}]",
601535761666682880,601535761666682880,1432252276000,2015-05-22,05:21:16,IST,3021760436,prietimin35,Prietimin35,,Excellent Tips To Help You Deal With Depression  http://ift.tt/1FFZG18¬†,[],['http://ift.tt/1FFZG18'],[],0,0,0,[],[],https://twitter.com/Prietimin35/status/601535761666682880,False,,0,,,,,,,"[{'user_id': '3021760436', 'username': 'Prietimin35'}]",
601535752082599937,601535752082599937,1432252273000,2015-05-22,05:21:13,IST,178097164,auntbeulah,Pat Barclay,,Harper worst prime minister on economic growth since Great Depression: Trudeau  http://tinyurl.com/khcepqs¬† via @NatObserver,['natobserver'],['http://tinyurl.com/khcepqs'],[],1,1,2,[],[],https://twitter.com/auntbeulah/status/601535752082599937,False,,0,,,,,,,"[{'user_id': '178097164', 'username': 'auntbeulah'}, {'user_id': '17410863', 'username': 'NatObserver'}]",
601535733254369280,601535517889462272,1432252269000,2015-05-22,05:21:09,IST,14526127,crankyashley,Ashley üéÉüëªüéÉ Wade,,"At least I'm writing something. I'm feeling tons better in terms of my depression, but I'm not quite there yet. Slow and steady, right?",[],[],[],0,0,1,[],[],https://twitter.com/crankyashley/status/601535733254369280,False,,0,,,,,,,"[{'user_id': '14526127', 'username': 'crankyashley'}]",
601535647346761728,601535647346761728,1432252248000,2015-05-22,05:20:48,IST,3179377722,kristam875,kristam rodriguez,,Study: Men With Sleep Apnea More Likely To Suffer From Depression ‚Äì Forbes  http://ift.tt/1cQYoDh¬†,[],['http://ift.tt/1cQYoDh'],[],0,0,0,[],[],https://twitter.com/kristam875/status/601535647346761728,False,,0,,,,,,,"[{'user_id': '3179377722', 'username': 'kristam875'}]",
601535639029350403,601535639029350403,1432252246000,2015-05-22,05:20:46,IST,992285551,la_quiiirrroozz,Yessica .,,Depression hitting me to the max ugh,[],[],[],0,0,0,[],[],https://twitter.com/la_quiiirrroozz/status/601535639029350403,False,,0,,,,,,,"[{'user_id': '992285551', 'username': 'la_quiiirrroozz'}]",
601535635132919808,601535635132919808,1432252246000,2015-05-22,05:20:46,IST,980026334,101healthguide,‚òÄ Health Guide ‚òÄ,,Types of Depression in Children -  http://wp.me/p4IYNn-8w¬†,[],['http://wp.me/p4IYNn-8w'],[],0,0,0,[],[],https://twitter.com/101HealthGuide/status/601535635132919808,False,,0,,,,,,,"[{'user_id': '980026334', 'username': '101HealthGuide'}]",
601535581005303808,601535581005303808,1432252233000,2015-05-22,05:20:33,IST,44029258,ajplus_size,austin,,I personally think depression can be just a mindset however it is of strong power that almost always you fall to it. Escape is hard.,[],[],[],0,0,0,[],[],https://twitter.com/AJplus_size/status/601535581005303808,False,,0,,,,,,,"[{'user_id': '44029258', 'username': 'AJplus_size'}]",
601535526924062720,601535526924062720,1432252220000,2015-05-22,05:20:20,IST,3193621568,jbowie120x,Jacob,,If you think your depression is cool then you obviously don't suffer from it. It's not something you choose to have and it sucks,[],[],[],0,3,3,[],[],https://twitter.com/jbowie120x/status/601535526924062720,False,,0,,,,,,,"[{'user_id': '3193621568', 'username': 'jbowie120x'}]",
601535521026908160,601535521026908160,1432252218000,2015-05-22,05:20:18,IST,3221338304,randydmm,Randy DMM,,#depression is a real illness. Please don't judge. #RETWEET if you suffer from depression.  pic.twitter.com/WnuhvH0x9C,[],[],['https://pbs.twimg.com/media/CFkVW8jVAAA78Ix.jpg'],0,0,0,"['#depression', '#retweet']",[],https://twitter.com/randydmm/status/601535521026908160,False,,0,,,,,,,"[{'user_id': '3221338304', 'username': 'randydmm'}]",
601535507135332353,601535507135332353,1432252215000,2015-05-22,05:20:15,IST,3068941428,camesquill34,Alan Gruber,,Excellent Tips To Help You Deal With Depression  http://ift.tt/1FFZG18¬†,[],['http://ift.tt/1FFZG18'],[],0,0,0,[],[],https://twitter.com/Camesquill34/status/601535507135332353,False,,0,,,,,,,"[{'user_id': '3068941428', 'username': 'Camesquill34'}]",
601535497710739457,601535497710739457,1432252213000,2015-05-22,05:20:13,IST,3001773196,cloned3457,Brittany Frazier,,Excellent Tips To Help You Deal With Depression  http://ift.tt/1FFZG18¬†,[],['http://ift.tt/1FFZG18'],[],0,0,0,[],[],https://twitter.com/Cloned3457/status/601535497710739457,False,,0,,,,,,,"[{'user_id': '3001773196', 'username': 'Cloned3457'}]",
601535485106851840,601528422620270592,1432252210000,2015-05-22,05:20:10,IST,317519876,fports17,FP,,@GBasso3 depression is a mental illness dude not a state of mind,['gbasso3'],[],[],0,0,0,[],[],https://twitter.com/fports17/status/601535485106851840,False,,0,,,,,,,"[{'user_id': '317519876', 'username': 'fports17'}, {'user_id': '3308759260', 'username': 'gbasso3'}]",
601535482175053824,601535482175053824,1432252209000,2015-05-22,05:20:09,IST,465632156,oldtownhypno,OldTown Hypnotherapy,,"How does #anxiety, #stress & #depression affect #fertility  http://ow.ly/NcB64¬†",[],['http://ow.ly/NcB64'],[],0,0,0,"['#anxiety', '#stress', '#depression', '#fertility']",[],https://twitter.com/Oldtownhypno/status/601535482175053824,False,,0,,,,,,,"[{'user_id': '465632156', 'username': 'Oldtownhypno'}]",
601535479394086912,601535479394086912,1432252208000,2015-05-22,05:20:08,IST,428532697,erikamrosen,Erika Rosen,,"One time a guy in my abnormal psych class said ""I don't believe depression is real"" and I almost punched him in the throat",[],[],[],0,0,7,[],[],https://twitter.com/ErikaMRosen/status/601535479394086912,False,,0,,,,,,,"[{'user_id': '428532697', 'username': 'ErikaMRosen'}]",
601535470456197121,601535470456197121,1432252206000,2015-05-22,05:20:06,IST,625800439,liza0connor,LizaO'Connor,,Meet dead TOPEX/Poseidon He fell into a depression due to Global Warming Doubters & ceased to function.  http://multiuniversesoflizao.blogspot.com/2015/05/robots-of-reality.html¬†‚Ä¶,[],['http://multiuniversesoflizao.blogspot.com/2015/05/robots-of-reality.html'],[],0,1,1,[],[],https://twitter.com/Liza0Connor/status/601535470456197121,False,,0,,,,,,,"[{'user_id': '625800439', 'username': 'Liza0Connor'}]",
601535464575791104,601535464575791104,1432252205000,2015-05-22,05:20:05,IST,3041963460,saylover345,Ray Costas,,Study: Men With Sleep Apnea More Likely To Suffer From Depression ‚Äì Forbes  http://ift.tt/1cQYoDh¬†,[],['http://ift.tt/1cQYoDh'],[],0,0,0,[],[],https://twitter.com/Saylover345/status/601535464575791104,False,,0,,,,,,,"[{'user_id': '3041963460', 'username': 'Saylover345'}]",
601535447307812864,601535447307812864,1432252201000,2015-05-22,05:20:01,IST,3179344416,gennyff87,genny polanco,,Study: Men With Sleep Apnea More Likely To Suffer From Depression ‚Äì Forbes  http://ift.tt/1cQYoDh¬†,[],['http://ift.tt/1cQYoDh'],[],0,0,0,[],[],https://twitter.com/gennyff87/status/601535447307812864,False,,0,,,,,,,"[{'user_id': '3179344416', 'username': 'gennyff87'}]",
601535445017763842,601535445017763842,1432252200000,2015-05-22,05:20:00,IST,3169000542,roselees45,rose boettcher,,Study: Men With Sleep Apnea More Likely To Suffer From Depression ‚Äì Forbes  http://ift.tt/1cQYoDh¬†,[],['http://ift.tt/1cQYoDh'],[],0,0,0,[],[],https://twitter.com/roselees45/status/601535445017763842,False,,0,,,,,,,"[{'user_id': '3169000542', 'username': 'roselees45'}]",
601535442341724160,601535442341724160,1432252200000,2015-05-22,05:20:00,IST,25620620,panspineapple,üççshelbsüçç,,My depression is eating away at me inside.. And sooner or later the happy person I use to be is going to be gone fully...,[],[],[],0,0,0,[],[],https://twitter.com/panspineapple/status/601535442341724160,False,,0,,,,,,,"[{'user_id': '25620620', 'username': 'panspineapple'}]",
601535433445629953,601535433445629953,1432252197000,2015-05-22,05:19:57,IST,2991027609,whousen47,Sharon Wherry,,Excellent Tips To Help You Deal With Depression  http://ift.tt/1FFZG18¬†,[],['http://ift.tt/1FFZG18'],[],0,0,0,[],[],https://twitter.com/Whousen47/status/601535433445629953,False,,0,,,,,,,"[{'user_id': '2991027609', 'username': 'Whousen47'}]",
601535392773447680,601535392773447680,1432252188000,2015-05-22,05:19:48,IST,460417989,dbandthedragon,DB (Brian Bailey),,Is it irony that I am talking about depression while having the happiest mother fucking Tyrantrum ever as my photo?,[],[],[],0,0,0,[],[],https://twitter.com/DBandtheDragon/status/601535392773447680,False,,0,,,,,,,"[{'user_id': '460417989', 'username': 'DBandtheDragon'}]",
601535377632075776,601535377632075776,1432252184000,2015-05-22,05:19:44,IST,3036456224,mucked345,Estela Moreno,,Excellent Tips To Help You Deal With Depression  http://ift.tt/1FFZG18¬†,[],['http://ift.tt/1FFZG18'],[],0,0,0,[],[],https://twitter.com/Mucked345/status/601535377632075776,False,,0,,,,,,,"[{'user_id': '3036456224', 'username': 'Mucked345'}]",
601535374964363264,601535374964363264,1432252184000,2015-05-22,05:19:44,IST,1009959864,supremeserna,Aldo,,"It hit swiftly not slowing in its pass, depression it was.",[],[],[],0,0,0,[],[],https://twitter.com/supremeserna/status/601535374964363264,False,,0,,,,,,,"[{'user_id': '1009959864', 'username': 'supremeserna'}]",
601535372766515200,601532959917625344,1432252183000,2015-05-22,05:19:43,IST,549587666,thecoffeecop,Laurie McCann,,"@VSToronto It can cause depression, suicidal thoughts, suicide, decrease in acedemic, cause someone to become  reclusive....etc #TEARTalk",['vstoronto'],[],[],1,0,2,['#teartalk'],[],https://twitter.com/thecoffeecop/status/601535372766515200,False,,0,,,,,,,"[{'user_id': '549587666', 'username': 'thecoffeecop'}, {'user_id': '1482551310', 'username': 'VSToronto'}]",
601535346506080258,601535346506080258,1432252177000,2015-05-22,05:19:37,IST,91218335,_evelynhollow,üéÉ Evelyn Holloween üéÉ,,"I have not 'grown out of' self harm, excessive alcohol consumption, paranoia, psychosis, anxiety, depression, suicide attempts.",[],[],[],3,2,3,[],[],https://twitter.com/_EvelynHollow/status/601535346506080258,False,,0,,,,,,,"[{'user_id': '91218335', 'username': '_EvelynHollow'}]",
601535322745364480,601535322745364480,1432252171000,2015-05-22,05:19:31,IST,3167438107,hettietspe53,hettiets pie,,Study: Men With Sleep Apnea More Likely To Suffer From Depression ‚Äì Forbes  http://ift.tt/1cQYoDh¬†,[],['http://ift.tt/1cQYoDh'],[],0,0,0,[],[],https://twitter.com/hettietspe53/status/601535322745364480,False,,0,,,,,,,"[{'user_id': '3167438107', 'username': 'hettietspe53'}]",
601535313056571392,601535313056571392,1432252169000,2015-05-22,05:19:29,IST,3052822118,mundintent25,Max Rollins,,Study: Men With Sleep Apnea More Likely To Suffer From Depression ‚Äì Forbes  http://ift.tt/1cQYoDh¬†,[],['http://ift.tt/1cQYoDh'],[],0,0,0,[],[],https://twitter.com/Mundintent25/status/601535313056571392,False,,0,,,,,,,"[{'user_id': '3052822118', 'username': 'Mundintent25'}]",
601535257037434880,601535257037434880,1432252155000,2015-05-22,05:19:15,IST,3036574016,publegi1934,Gary Shoaf,,Excellent Tips To Help You Deal With Depression  http://ift.tt/1FFZG18¬†,[],['http://ift.tt/1FFZG18'],[],0,0,0,[],[],https://twitter.com/Publegi1934/status/601535257037434880,False,,0,,,,,,,"[{'user_id': '3036574016', 'username': 'Publegi1934'}]",
601535233427689473,601535233427689473,1432252150000,2015-05-22,05:19:10,IST,30968493,tirae91,Tira,,Wait !! This was me a few yrs bk ! üòÇüòÇüòÇ my cousins kept me busy &on IG like i was happy üòÇüòÇ I was in deep depression üòÇ  pic.twitter.com/gtBxckuW7P,[],[],['https://pbs.twimg.com/media/CFkVGscVEAIjujt.jpg'],0,0,0,[],[],https://twitter.com/tirae91/status/601535233427689473,False,,0,,,,,,,"[{'user_id': '30968493', 'username': 'tirae91'}]",
601535201219579905,601535201219579905,1432252142000,2015-05-22,05:19:02,IST,3179311326,danitar875,danita ramirez,,Study: Men With Sleep Apnea More Likely To Suffer From Depression ‚Äì Forbes  http://ift.tt/1cQYoDh¬†,[],['http://ift.tt/1cQYoDh'],[],0,0,0,[],[],https://twitter.com/danitar875/status/601535201219579905,False,,0,,,,,,,"[{'user_id': '3179311326', 'username': 'danitar875'}]",
601535181426659328,601535181426659328,1432252137000,2015-05-22,05:18:57,IST,2926844607,coreycarter83,Corey Schultz,,I've added more resources here!   #awareness #PTSD #anxiety #depression  http://bit.ly/1KgP5Yy¬† pic.twitter.com/grNlUz2DMJ,[],['http://bit.ly/1KgP5Yy'],['https://pbs.twimg.com/media/CFVHjiSUkAAzL73.jpg'],0,21,6,"['#awareness', '#ptsd', '#anxiety', '#depression']",[],https://twitter.com/coreycarter83/status/601535181426659328,False,,0,,,,,,,"[{'user_id': '2926844607', 'username': 'coreycarter83'}]",
601535149973622784,601528018696286208,1432252130000,2015-05-22,05:18:50,IST,107848420,tsvenson,Thomas Svenson üññ,,@MikeAtherton Thank you @myddelton for explaining the curve so well. I'm in the integration stage now after years spent fighting depression.,"['mikeatherton', 'myddelton']",[],[],1,0,0,[],[],https://twitter.com/tsvenson/status/601535149973622784,False,,0,,,,,,,"[{'user_id': '107848420', 'username': 'tsvenson'}, {'user_id': '14412686', 'username': 'MikeAtherton'}, {'user_id': '14942191', 'username': 'myddelton'}]",
601535116888952832,601535116888952832,1432252122000,2015-05-22,05:18:42,IST,24047542,jenuknowwho,GermanJen,,Roughly 20 million people only in the United States suffer from depression every year. 1 in 4 young‚Ä¶  https://instagram.com/p/29oXW_Oq7c/¬†,[],['https://instagram.com/p/29oXW_Oq7c/'],[],0,0,0,[],[],https://twitter.com/Jenuknowwho/status/601535116888952832,False,,0,,,,,,,"[{'user_id': '24047542', 'username': 'Jenuknowwho'}]",
601535105010544640,601535105010544640,1432252119000,2015-05-22,05:18:39,IST,26719870,harry200170,Berry,,Is sleep apnea a risk factor for depression? Study examines the link  http://fw.to/Q8QP8U¬†,[],['http://fw.to/Q8QP8U'],[],0,0,0,[],[],https://twitter.com/harry200170/status/601535105010544640,False,,0,,,,,,,"[{'user_id': '26719870', 'username': 'harry200170'}]",
601535098295562240,601534822419439616,1432252118000,2015-05-22,05:18:38,IST,2367019686,harkerjr,"Lester Harker, Jr.",,@JulieSnark  I've been suffering with depression for a long time so I get it.,['juliesnark'],[],[],0,0,1,[],[],https://twitter.com/HarkerJr/status/601535098295562240,False,,0,,,,,,,"[{'user_id': '2367019686', 'username': 'HarkerJr'}, {'user_id': '1885067760', 'username': 'JulieSnark'}]",
601535084840136704,601535084840136704,1432252114000,2015-05-22,05:18:34,IST,141994025,mzjuddie,Eclairs,,Halima Abubakar Talks Depression and Relationship in New Interview  http://goo.gl/fb/0eVfqt¬†,[],['http://goo.gl/fb/0eVfqt'],[],0,0,0,[],[],https://twitter.com/MzJUDDIE/status/601535084840136704,False,,0,,,,,,,"[{'user_id': '141994025', 'username': 'MzJUDDIE'}]",
601535056893464576,601535056893464576,1432252108000,2015-05-22,05:18:28,IST,294000078,preciousoflive,Precious üá≥üá¨,,Halima Abubakar Talks Depression and Relationship in New Interview  http://goo.gl/fb/cdfKdC¬† #entertainmentnews,[],['http://goo.gl/fb/cdfKdC'],[],0,0,1,['#entertainmentnews'],[],https://twitter.com/PreciousOfLive/status/601535056893464576,False,,0,,,,,,,"[{'user_id': '294000078', 'username': 'PreciousOfLive'}]",
601535055215857664,601535055215857664,1432252107000,2015-05-22,05:18:27,IST,16411403,brianloging,Brian Loging,,6 Depression Symptoms You Shouldn‚Äôt Ignore  http://flip.it/6gfUl¬†,[],['http://flip.it/6gfUl'],[],0,0,0,[],[],https://twitter.com/BrianLoging/status/601535055215857664,False,,0,,,,,,,"[{'user_id': '16411403', 'username': 'BrianLoging'}]",
601535045057261568,601535045057261568,1432252105000,2015-05-22,05:18:25,IST,349633754,royalkingusman,H R H üëë,,Halima Abubakar Talks Depression and Relationship in New Interview  http://goo.gl/fb/I9d6ZK¬† via @yabaleftonline,['yabaleftonline'],['http://goo.gl/fb/I9d6ZK'],[],0,0,0,[],[],https://twitter.com/RoyalKingUsman/status/601535045057261568,False,,0,,,,,,,"[{'user_id': '349633754', 'username': 'RoyalKingUsman'}, {'user_id': '769214965', 'username': 'yabaleftonline'}]",
601535044784623616,601535044784623616,1432252105000,2015-05-22,05:18:25,IST,265408773,dat_nawty_boi,Babajide üá≥üá¨üá∫üá∏,,Halima Abubakar Talks Depression and Relationship in New Interview  http://goo.gl/fb/dYQmZd¬†,[],['http://goo.gl/fb/dYQmZd'],[],0,0,0,[],[],https://twitter.com/dat_NAWTY_boi/status/601535044784623616,False,,0,,,,,,,"[{'user_id': '265408773', 'username': 'dat_NAWTY_boi'}]",
601535039197847552,601535039197847552,1432252103000,2015-05-22,05:18:23,IST,2971836273,iamjames_g,james gay,,Depression is one of the most helpless and frustrating experiences a person can have.and being alone while going threw it make it 10x ashard,[],[],[],0,0,1,[],[],https://twitter.com/IamJames_G/status/601535039197847552,False,,0,,,,,,,"[{'user_id': '2971836273', 'username': 'IamJames_G'}]",
601534952421765121,601534952421765121,1432252083000,2015-05-22,05:18:03,IST,39030489,_queenbshay,üåªQueendom Heightsüåª,,"Not just from a broken heart but from pain, death, loneliness, anger boy was I angry, depression, broken love, my past & people",[],[],[],0,0,0,[],[],https://twitter.com/_QueenBShay/status/601534952421765121,False,,0,,,,,,,"[{'user_id': '39030489', 'username': '_QueenBShay'}]",
601534897166143488,601522090110509056,1432252070000,2015-05-22,05:17:50,IST,17772673,buterbasil,basil üåø,,"@BathysphereHat yeah, I hope I can avoid that. I just went from meds to meds trying to treat depression because work was making me suicidal",['bathyspherehat'],[],[],1,1,0,[],[],https://twitter.com/buterbasil/status/601534897166143488,False,,0,,,,,,,"[{'user_id': '17772673', 'username': 'buterbasil'}, {'user_id': '543143031', 'username': 'BathysphereHat'}]",
601534847778037760,601534847778037760,1432252058000,2015-05-22,05:17:38,IST,2202041324,_carrienet_,Carrie,,Are you settling? Signs you are settling for less in love and life:   Y  http://www.carrienet.com/are-you-settling/¬†‚Ä¶ #depression  pic.twitter.com/kNxasL4Hpd,[],['http://www.carrienet.com/are-you-settling/'],['https://pbs.twimg.com/media/CFkUwVmUkAAA67h.jpg'],0,1,3,['#depression'],[],https://twitter.com/_carrienet_/status/601534847778037760,False,,0,,,,,,,"[{'user_id': '2202041324', 'username': '_carrienet_'}]",
601534821853073409,601531531648110594,1432252052000,2015-05-22,05:17:32,IST,2830683805,maggieeeann,maggieüíóüíúüíô,,@T0XIC_KAT depression hitting hard‚Ä¶family being an ass about it‚Ä¶,['t0xic_kat'],[],[],0,0,0,[],[],https://twitter.com/maggieeeann/status/601534821853073409,False,,0,,,,,,,"[{'user_id': '2830683805', 'username': 'maggieeeann'}, {'user_id': '788376833695752193', 'username': 't0xic_kat'}]",
601534800445313024,601524240953802752,1432252047000,2015-05-22,05:17:27,IST,342313862,perfectrose2011,Wendy üá®üá¶,,"@cspyyc @DoctorBBouffard A persons newly on anti-depressants with surge of energy but not lifting of depression, will often act w/suicide.",['cspyyc'],[],[],0,0,1,[],[],https://twitter.com/perfectrose2011/status/601534800445313024,False,,0,,,,,,,"[{'user_id': '342313862', 'username': 'perfectrose2011'}, {'user_id': '95457559', 'username': 'cspyyc'}]",
601534800193658880,601534800193658880,1432252046000,2015-05-22,05:17:26,IST,3018298559,wair19323,Martin Bailey,,Excellent Tips To Help You Deal With Depression  http://ift.tt/1FFZG18¬†,[],['http://ift.tt/1FFZG18'],[],0,0,0,[],[],https://twitter.com/Wair19323/status/601534800193658880,False,,0,,,,,,,"[{'user_id': '3018298559', 'username': 'Wair19323'}]",
601534797773742084,601534797773742084,1432252046000,2015-05-22,05:17:26,IST,3038818675,whegas1963,Helen Beach,,Excellent Tips To Help You Deal With Depression  http://ift.tt/1FFZG18¬†,[],['http://ift.tt/1FFZG18'],[],0,0,0,[],[],https://twitter.com/Whegas1963/status/601534797773742084,False,,0,,,,,,,"[{'user_id': '3038818675', 'username': 'Whegas1963'}]",
601534780841324544,601534780841324544,1432252042000,2015-05-22,05:17:22,IST,3041963460,saylover345,Ray Costas,,Excellent Tips To Help You Deal With Depression  http://ift.tt/1FFZG18¬†,[],['http://ift.tt/1FFZG18'],[],0,0,0,[],[],https://twitter.com/Saylover345/status/601534780841324544,False,,0,,,,,,,"[{'user_id': '3041963460', 'username': 'Saylover345'}]",
601534772876279808,601534772876279808,1432252040000,2015-05-22,05:17:20,IST,905435377,eirini_styles1d,‚Ä† Harry's Smile ‚Ä†,,"""The thing about depression is you think you‚Äôre over it, but it‚Äôs 3 PM and you‚Äôre surrounded by your...""  http://tmblr.co/Z0sMwp1lMKq3C¬†",[],['http://tmblr.co/Z0sMwp1lMKq3C'],[],0,0,0,[],[],https://twitter.com/eirini_Styles1D/status/601534772876279808,False,,0,,,,,,,"[{'user_id': '905435377', 'username': 'eirini_Styles1D'}]",
601534754740121602,601534754740121602,1432252036000,2015-05-22,05:17:16,IST,2953620208,losigiand_mike,Mike Gonzalez,,Excellent Tips To Help You Deal With Depression  http://ift.tt/1FFZG18¬†,[],['http://ift.tt/1FFZG18'],[],0,0,0,[],[],https://twitter.com/losigiand_mike/status/601534754740121602,False,,0,,,,,,,"[{'user_id': '2953620208', 'username': 'losigiand_mike'}]",
601534720132947969,601534720132947969,1432252027000,2015-05-22,05:17:07,IST,3001773196,cloned3457,Brittany Frazier,,Excellent Tips To Help You Deal With Depression  http://ift.tt/1FFZG18¬†,[],['http://ift.tt/1FFZG18'],[],0,0,0,[],[],https://twitter.com/Cloned3457/status/601534720132947969,False,,0,,,,,,,"[{'user_id': '3001773196', 'username': 'Cloned3457'}]",
601534705356435456,601534705356435456,1432252024000,2015-05-22,05:17:04,IST,97541260,medcoupons,Medication Coupons,,"Parkinson's disease more likely in people with depression, study suggests - Medical News Today  http://dld.bz/dEa7A¬†",[],['http://dld.bz/dEa7A'],[],0,0,0,[],[],https://twitter.com/MedCoupons/status/601534705356435456,False,,0,,,,,,,"[{'user_id': '97541260', 'username': 'MedCoupons'}]",
601534694153261057,601534694153261057,1432252021000,2015-05-22,05:17:01,IST,1482551310,vstoronto,Victim Services,,"A4: Can lead to depression, stigmatization & isolation #SafeSPACE #TEARtalk #SuicidePrevention",[],[],[],0,2,4,"['#safespace', '#teartalk', '#suicideprevention']",[],https://twitter.com/VSToronto/status/601534694153261057,False,,0,,,,,,,"[{'user_id': '1482551310', 'username': 'VSToronto'}]",
601534684510621697,601532604303544320,1432252019000,2015-05-22,05:16:59,IST,436420750,vic_the_killa,ARROYO,,@Mojica119 I know how depression feels you're not alone  pic.twitter.com/rFBEZaDEoU,['mojica119'],[],[],1,0,0,[],[],https://twitter.com/vic_the_killa/status/601534684510621697,False,,1,,,,,,,"[{'user_id': '436420750', 'username': 'vic_the_killa'}, {'user_id': '281367479', 'username': 'Mojica119'}]",
601534664877199361,601534664877199361,1432252014000,2015-05-22,05:16:54,IST,3221338304,randydmm,Randy DMM,,#depression is a real illness. Please don't judge.  pic.twitter.com/CmDvBNysOW,[],[],['https://pbs.twimg.com/media/CFkUlhbUIAEdJ7g.jpg'],0,0,0,['#depression'],[],https://twitter.com/randydmm/status/601534664877199361,False,,0,,,,,,,"[{'user_id': '3221338304', 'username': 'randydmm'}]",
601534521025155073,601534521025155073,1432251980000,2015-05-22,05:16:20,IST,3167171439,brezhigfx,Brezhi Designs,,depression is a usual thing now.,[],[],[],0,0,0,[],[],https://twitter.com/BrezhiGFX/status/601534521025155073,False,,0,,,,,,,"[{'user_id': '3167171439', 'username': 'BrezhiGFX'}]",
601534415076995073,601534415076995073,1432251955000,2015-05-22,05:15:55,IST,2792396488,dottyrocker,Off My Dotty Rocker,,"Blah blah, shitty shitty day. #MattOConnor #mentalhealth #depression #tickityfuckityboo  http://offmydottyrocker.com/2015/05/21/episode-2-100/¬†‚Ä¶",[],['http://offmydottyrocker.com/2015/05/21/episode-2-100/'],[],0,0,0,"['#mattoconnor', '#mentalhealth', '#depression', '#tickityfuckityboo']",[],https://twitter.com/DottyRocker/status/601534415076995073,False,,0,,,,,,,"[{'user_id': '2792396488', 'username': 'DottyRocker'}]",
601534352258793472,601534352258793472,1432251940000,2015-05-22,05:15:40,IST,1401687588,seyilawcomedy,COMEDIAN SEYILAW,,Halima Abubakar Talks Depression and Relationship in New¬†Interview  http://yabaleftonline.com/?p=80418¬†,[],['http://yabaleftonline.com/?p=80418'],[],0,0,2,[],[],https://twitter.com/SeyilawComedy/status/601534352258793472,False,,0,,,,,,,"[{'user_id': '1401687588', 'username': 'SeyilawComedy'}]",
601534314971582464,601534314971582464,1432251931000,2015-05-22,05:15:31,IST,3115727600,blackangel1946,black angel,,Depression Era CRAZY Quilt 1930s Hand Stitched Pink by JackpotJen -#etsy #vintage-   http://www.thehippiecorner.com/depression-era-crazy-quilt-1930s-hand-stitched-pink-by-jackpotjen/¬†‚Ä¶ pic.twitter.com/8F1lQFpHNc,[],['http://www.thehippiecorner.com/depression-era-crazy-quilt-1930s-hand-stitched-pink-by-jackpotjen/'],['https://pbs.twimg.com/media/CFkURbSXIAAsnaL.jpg'],0,0,0,"['#etsy', '#vintage']",[],https://twitter.com/blackangel1946/status/601534314971582464,False,,0,,,,,,,"[{'user_id': '3115727600', 'username': 'blackangel1946'}]",
601534259170521088,601534259170521088,1432251918000,2015-05-22,05:15:18,IST,902428952,cannabisresins,Cannabis Resins Mag,,RT weedsglass: RT weedsglass: RT THEMMEXCHANGE: Cannabis and Depression #depression #cannabis #medicalmarijuana #marijuana #cbd #hempoil #‚Ä¶,[],[],[],0,0,0,"['#depression', '#cannabis', '#medicalmarijuana', '#marijuana', '#cbd', '#hempoil']",[],https://twitter.com/cannabisresins/status/601534259170521088,False,,0,,,,,,,"[{'user_id': '902428952', 'username': 'cannabisresins'}]",
601534232243085312,601534232243085312,1432251911000,2015-05-22,05:15:11,IST,2559985675,goldmanwheaton,GoldmanWheaton,,Regaining Control Canceled Depression...rXRj,[],[],[],0,0,0,[],[],https://twitter.com/GoldmanWheaton/status/601534232243085312,False,,0,,,,,,,"[{'user_id': '2559985675', 'username': 'GoldmanWheaton'}]",
601534179004682240,601534179004682240,1432251898000,2015-05-22,05:14:58,IST,3018264141,hapsylle1934,Steven Yamada,,Excellent Tips To Help You Deal With Depression  http://ift.tt/1FFZG18¬†,[],['http://ift.tt/1FFZG18'],[],0,0,0,[],[],https://twitter.com/Hapsylle1934/status/601534179004682240,False,,0,,,,,,,"[{'user_id': '3018264141', 'username': 'Hapsylle1934'}]",
601534177943494656,601534177943494656,1432251898000,2015-05-22,05:14:58,IST,520308399,simon_rosenbaum,Simon Rosenbaum,,New trial finds #mindfulness  greater effect than lifestyle intervention in treatment resistant major #depression  http://www.medscape.com/viewarticle/845057¬†‚Ä¶,[],['http://www.medscape.com/viewarticle/845057'],[],1,5,8,"['#mindfulness', '#depression']",[],https://twitter.com/simon_rosenbaum/status/601534177943494656,False,,0,,,,,,,"[{'user_id': '520308399', 'username': 'simon_rosenbaum'}]",
601534177540837376,601529228887072769,1432251898000,2015-05-22,05:14:58,IST,43155647,fatchickinla,FCILA,,@Snarkaroni I have been battling depression for over a year and it is finally getting better. I feel like a new me :),['snarkaroni'],[],[],1,0,0,[],[],https://twitter.com/FatChickinLA/status/601534177540837376,False,,0,,,,,,,"[{'user_id': '43155647', 'username': 'FatChickinLA'}, {'user_id': '765357788', 'username': 'Snarkaroni'}]",
601534153620881408,601534153620881408,1432251892000,2015-05-22,05:14:52,IST,3004108995,anterevell5774,Carlos Clark,,Excellent Tips To Help You Deal With Depression  http://ift.tt/1FFZG18¬†,[],['http://ift.tt/1FFZG18'],[],0,0,0,[],[],https://twitter.com/Anterevell5774/status/601534153620881408,False,,0,,,,,,,"[{'user_id': '3004108995', 'username': 'Anterevell5774'}]",
601534150466633728,601534150466633728,1432251892000,2015-05-22,05:14:52,IST,603219733,deredeye,Noor Red Eye Mula,,"Don't normally do ""cheesy"" posts but this is what's keeping going through my depression at the mo. :) Can't give up!  https://lnkd.in/ecqhD4D¬†",[],['https://lnkd.in/ecqhD4D'],[],0,0,0,[],[],https://twitter.com/DeRedEye/status/601534150466633728,False,,0,,,,,,,"[{'user_id': '603219733', 'username': 'DeRedEye'}]",
601534113586106368,601534113586106368,1432251883000,2015-05-22,05:14:43,IST,69330522,kamzou08,Kamzou L,,16 Damaging Myths About Depression You Need To Stop Believing: ‚ÄúCan‚Äôt you just snap out of it?‚Äù   ...  http://bzfd.it/1LqIlYG¬†,[],['http://bzfd.it/1LqIlYG'],[],0,0,0,[],[],https://twitter.com/kamzou08/status/601534113586106368,False,,0,,,,,,,"[{'user_id': '69330522', 'username': 'kamzou08'}]",
601533991729037312,601533991729037312,1432251854000,2015-05-22,05:14:14,IST,3118852231,savittlibrary,Savitt Med. Library,,Depression in Older Adults #B4Stage4 #mhm2015 pic.twitter.com/h32817jPND,[],[],"['https://pbs.twimg.com/media/CFkT-j6VEAE241U.png', 'https://pbs.twimg.com/media/CFkT-lpUgAAYbHU.png']",0,0,0,"['#b4stage4', '#mhm2015']",[],https://twitter.com/SavittLibrary/status/601533991729037312,False,,0,,,,,,,"[{'user_id': '3118852231', 'username': 'SavittLibrary'}]",
601533976356990977,601533976356990977,1432251850000,2015-05-22,05:14:10,IST,3038766679,foreence342,Derek Torres,,Excellent Tips To Help You Deal With Depression  http://ift.tt/1FFZG18¬†,[],['http://ift.tt/1FFZG18'],[],0,0,0,[],[],https://twitter.com/Foreence342/status/601533976356990977,False,,0,,,,,,,"[{'user_id': '3038766679', 'username': 'Foreence342'}]",
601533952684359681,601533952684359681,1432251844000,2015-05-22,05:14:04,IST,3005964418,hathimerent357,Rosemary Rakes,,Excellent Tips To Help You Deal With Depression  http://ift.tt/1FFZG18¬†,[],['http://ift.tt/1FFZG18'],[],0,0,0,[],[],https://twitter.com/Hathimerent357/status/601533952684359681,False,,0,,,,,,,"[{'user_id': '3005964418', 'username': 'Hathimerent357'}]",
601533922611220482,601533922611220482,1432251837000,2015-05-22,05:13:57,IST,3018298559,wair19323,Martin Bailey,,Excellent Tips To Help You Deal With Depression  http://ift.tt/1FFZG18¬†,[],['http://ift.tt/1FFZG18'],[],0,0,0,[],[],https://twitter.com/Wair19323/status/601533922611220482,False,,0,,,,,,,"[{'user_id': '3018298559', 'username': 'Wair19323'}]",
601533881611878402,601533881611878402,1432251827000,2015-05-22,05:13:47,IST,50390205,vivalabeckyy,Muva Afrika,,Going in out of depression,[],[],[],0,0,0,[],[],https://twitter.com/vivalabeckyy/status/601533881611878402,False,,0,,,,,,,"[{'user_id': '50390205', 'username': 'vivalabeckyy'}]",
601533874422833152,601533874422833152,1432251826000,2015-05-22,05:13:46,IST,412318521,marilyn_read,Marilyn Read,,#Depression can amplify risk of low #back pain | Arthritis Research UK  https://shar.es/1rkjSH¬† via @sharethis #Blackpool #holistichealth,['sharethis'],['https://shar.es/1rkjSH'],[],0,0,0,"['#depression', '#back', '#blackpool', '#holistichealth']",[],https://twitter.com/Marilyn_Read/status/601533874422833152,False,,0,,,,,,,"[{'user_id': '412318521', 'username': 'Marilyn_Read'}, {'user_id': '14116807', 'username': 'ShareThis'}]",
601533824187654144,601533824187654144,1432251814000,2015-05-22,05:13:34,IST,119212349,oldatki,.,,"Why do these anxiety, and depression accounts GLAMORIZE the mental illness and not glamorize how to get out of it? Like fuck",[],[],[],0,0,0,[],[],https://twitter.com/oldatki/status/601533824187654144,False,,0,,,,,,,"[{'user_id': '119212349', 'username': 'oldatki'}]",
601533819863375872,601533819863375872,1432251813000,2015-05-22,05:13:33,IST,566225740,chinyeresworld,Chinyere Obi-Obasi,,One of ways to treat depression is to laugh at yourself.  To consider all the wonderful things that has happened...  http://fb.me/24UB6qVaS¬†,[],['http://fb.me/24UB6qVaS'],[],0,0,0,[],[],https://twitter.com/chinyeresworld/status/601533819863375872,False,,0,,,,,,,"[{'user_id': '566225740', 'username': 'chinyeresworld'}]",
601533760736272385,601533760736272385,1432251799000,2015-05-22,05:13:19,IST,3010383570,lery19638,Lery19638,,Excellent Tips To Help You Deal With Depression  http://ift.tt/1FFZG18¬†,[],['http://ift.tt/1FFZG18'],[],0,0,0,[],[],https://twitter.com/Lery19638/status/601533760736272385,False,,0,,,,,,,"[{'user_id': '3010383570', 'username': 'Lery19638'}]",
601533745821167616,601532125796560896,1432251795000,2015-05-22,05:13:15,IST,438541276,jeffzwarren,jeffzombiewarren,,.@ImMattMan @burgoonm I can't wait to hear it tonight at Sub zero at 8pm! #Comedy #Beer #Depression,"['immattman', 'burgoonm']",[],[],0,0,0,"['#comedy', '#beer', '#depression']",[],https://twitter.com/jeffzwarren/status/601533745821167616,False,,0,,,,,,,"[{'user_id': '438541276', 'username': 'jeffzwarren'}, {'user_id': '160047835', 'username': 'ImMattMan'}, {'user_id': '347394703', 'username': 'burgoonm'}]",
601533742960644097,601533466342137856,1432251794000,2015-05-22,05:13:14,IST,2910389791,hemmingsmyass_,serena loves 5sos,,@Luke5SOS see you while I sulk in sadness and depression,['luke5sos'],[],[],0,0,0,[],[],https://twitter.com/HEMMINGSMYASS_/status/601533742960644097,False,,0,,,,,,,"[{'user_id': '2910389791', 'username': 'HEMMINGSMYASS_'}, {'user_id': '403245020', 'username': 'Luke5SOS'}]",
601533740687486976,601533740687486976,1432251794000,2015-05-22,05:13:14,IST,3133829785,xuansoui58674,xuan soulag,,Excellent Tips To Help You Deal With Depression  http://ift.tt/1FFZG18¬†,[],['http://ift.tt/1FFZG18'],[],0,0,0,[],[],https://twitter.com/xuansoui58674/status/601533740687486976,False,,0,,,,,,,"[{'user_id': '3133829785', 'username': 'xuansoui58674'}]",
601533726091288577,601533726091288577,1432251790000,2015-05-22,05:13:10,IST,3010312122,naing1955,Naing1955,,Excellent Tips To Help You Deal With Depression  http://ift.tt/1FFZG18¬†,[],['http://ift.tt/1FFZG18'],[],0,0,0,[],[],https://twitter.com/Naing1955/status/601533726091288577,False,,0,,,,,,,"[{'user_id': '3010312122', 'username': 'Naing1955'}]",
601533713973903360,601533713973903360,1432251788000,2015-05-22,05:13:08,IST,3087790676,cusuch1959,Sandra Botkin,,Excellent Tips To Help You Deal With Depression  http://ift.tt/1FFZG18¬†,[],['http://ift.tt/1FFZG18'],[],0,0,0,[],[],https://twitter.com/Cusuch1959/status/601533713973903360,False,,0,,,,,,,"[{'user_id': '3087790676', 'username': 'Cusuch1959'}]",
601533687319154689,601533687319154689,1432251781000,2015-05-22,05:13:01,IST,3018268407,pluence1963,Lowell White,,Excellent Tips To Help You Deal With Depression  http://ift.tt/1FFZG18¬†,[],['http://ift.tt/1FFZG18'],[],0,0,0,[],[],https://twitter.com/Pluence1963/status/601533687319154689,False,,0,,,,,,,"[{'user_id': '3018268407', 'username': 'Pluence1963'}]",
601533640481214464,601533640481214464,1432251770000,2015-05-22,05:12:50,IST,33751188,hohmyjosh,Joshua Padilla,,I slip into depression when my mom makes film references with no context,[],[],[],0,0,0,[],[],https://twitter.com/hohmyjosh/status/601533640481214464,False,,0,,,,,,,"[{'user_id': '33751188', 'username': 'hohmyjosh'}]",
601533605874130944,601533605874130944,1432251762000,2015-05-22,05:12:42,IST,173952279,ravemarie_xo,‚ú®Ravyn‚ú®,,"My mom thinks I have some sort of sleeping disorder. No mom, it's called depression now let me sleep üòí",[],[],[],0,0,1,[],[],https://twitter.com/ravemarie_xo/status/601533605874130944,False,,0,,,,,,,"[{'user_id': '173952279', 'username': 'ravemarie_xo'}]",
601533602732597250,601533602732597250,1432251761000,2015-05-22,05:12:41,IST,15298478,tricolore,Daniel B.,,Excellent texte pour mieux comprendre la d√©pression! Wow!  http://fb.me/7dVeocwIs¬†,[],['http://fb.me/7dVeocwIs'],[],0,0,0,[],[],https://twitter.com/tricolore/status/601533602732597250,False,,0,,,,,,,"[{'user_id': '15298478', 'username': 'tricolore'}]",
601533583761768448,601533583761768448,1432251756000,2015-05-22,05:12:36,IST,2236478840,santementalite,Sant√©Mentalit√©,,"6.5 ans de d√©pression en image, des hauts et des bas, la pers√©v√©rance et la vie. Bravo.  https://www.youtube.com/watch?v=eRvk5UQY1Js¬†‚Ä¶",[],['https://www.youtube.com/watch?v=eRvk5UQY1Js'],[],0,0,1,[],[],https://twitter.com/SanteMentalite/status/601533583761768448,False,,0,,,,,,,"[{'user_id': '2236478840', 'username': 'SanteMentalite'}]",
601533565243789312,601531692130635776,1432251752000,2015-05-22,05:12:32,IST,2308750873,staciemkelly,Stacie Kelly,,"@EmpowHER Q5: Absolutely there is. Trauma, depression and anxiety haven't been mainstream subjects until recently. #Herchat",['empowher'],[],[],0,0,2,['#herchat'],[],https://twitter.com/StacieMKelly/status/601533565243789312,False,,0,,,,,,,"[{'user_id': '2308750873', 'username': 'StacieMKelly'}, {'user_id': '13638892', 'username': 'EmpowHER'}]",
601533540447092736,601533540447092736,1432251746000,2015-05-22,05:12:26,IST,337381294,7mrsjames,JJ (Jeannette James),,Online #anxiety #depression @thiswayupAU  https://thiswayup.org.au/¬† #propsych15,['thiswayupau'],['https://thiswayup.org.au/'],[],0,0,0,"['#anxiety', '#depression', '#propsych15']",[],https://twitter.com/7Mrsjames/status/601533540447092736,False,,0,,,,,,,"[{'user_id': '337381294', 'username': '7Mrsjames'}, {'user_id': '606019497', 'username': 'thiswayupau'}]",
601533533711179776,601533533711179776,1432251745000,2015-05-22,05:12:25,IST,49467953,yataganmustafa,Mustafa Yatagan,,A photographer took 12 stunning pictures to capture how depression and anxiety can feel.  http://www.upworthy.com/a-photographer-took-12-stunning-pictures-to-capture-how-depression-and-anxiety-can-feel?g=2&c=ufb1¬†‚Ä¶,[],['http://www.upworthy.com/a-photographer-took-12-stunning-pictures-to-capture-how-depression-and-anxiety-can-feel?g=2&c=ufb1'],[],0,0,0,[],[],https://twitter.com/yataganmustafa/status/601533533711179776,False,,0,,,,,,,"[{'user_id': '49467953', 'username': 'yataganmustafa'}]",
601533489805172737,601533489805172737,1432251734000,2015-05-22,05:12:14,IST,3133692726,millyjennyx9643,Milly jenny,,Excellent Tips To Help You Deal With Depression  http://ift.tt/1FFZG18¬†,[],['http://ift.tt/1FFZG18'],[],0,0,0,[],[],https://twitter.com/millyjennyx9643/status/601533489805172737,False,,0,,,,,,,"[{'user_id': '3133692726', 'username': 'millyjennyx9643'}]",
601533469731233793,601533469731233793,1432251729000,2015-05-22,05:12:09,IST,13638892,empowher,EmpowHER,,"Q6. What would you do first if you felt you had anxiety, bipolar, depression, etc.? Would you seek help? #HERchat",[],[],[],8,4,4,['#herchat'],[],https://twitter.com/EmpowHER/status/601533469731233793,False,,0,,,,,,,"[{'user_id': '13638892', 'username': 'EmpowHER'}]",
601533443034447872,601533443034447872,1432251723000,2015-05-22,05:12:03,IST,2822272342,123_depression,Depression_Tips,,Look Below For A Excellent Tips About Depression -  http://bit.ly/1HynTCF¬†,[],['http://bit.ly/1HynTCF'],[],0,2,0,[],[],https://twitter.com/123_depression/status/601533443034447872,False,,0,,,,,,,"[{'user_id': '2822272342', 'username': '123_depression'}]",
601533443000901632,601533443000901632,1432251723000,2015-05-22,05:12:03,IST,3010343149,formant3744,Formant374,,Excellent Tips To Help You Deal With Depression  http://ift.tt/1FFZG18¬†,[],['http://ift.tt/1FFZG18'],[],0,0,0,[],[],https://twitter.com/Formant3744/status/601533443000901632,False,,0,,,,,,,"[{'user_id': '3010343149', 'username': 'Formant3744'}]",
601533432217370624,601533432217370624,1432251720000,2015-05-22,05:12:00,IST,3070461193,butim1939,Louise Chatfield,,Excellent Tips To Help You Deal With Depression  http://ift.tt/1FFZG18¬†,[],['http://ift.tt/1FFZG18'],[],0,0,0,[],[],https://twitter.com/Butim1939/status/601533432217370624,False,,0,,,,,,,"[{'user_id': '3070461193', 'username': 'Butim1939'}]",
601533429650337792,601533429650337792,1432251720000,2015-05-22,05:12:00,IST,20445233,ericwjensen,Eric Jensen,,How A Machine Learned To Spot Depression : Planet Money : NPR  http://www.npr.org/sections/money/2015/05/20/407978049/how-a-machine-learned-to-spot-depression?&utm_source=nextdraft&utm_medium=email¬†‚Ä¶,[],['http://www.npr.org/sections/money/2015/05/20/407978049/how-a-machine-learned-to-spot-depression?&utm_source=nextdraft&utm_medium=email'],[],0,0,0,[],[],https://twitter.com/ericwjensen/status/601533429650337792,False,,0,,,,,,,"[{'user_id': '20445233', 'username': 'ericwjensen'}]",
601533419978432513,601533419978432513,1432251717000,2015-05-22,05:11:57,IST,2987933884,buthis2345,Belle Woodyard,,Excellent Tips To Help You Deal With Depression  http://ift.tt/1FFZG18¬†,[],['http://ift.tt/1FFZG18'],[],0,0,0,[],[],https://twitter.com/Buthis2345/status/601533419978432513,False,,0,,,,,,,"[{'user_id': '2987933884', 'username': 'Buthis2345'}]",
601533358120837120,601533358120837120,1432251703000,2015-05-22,05:11:43,IST,3133638781,maganmar76k56,magan marchin,,Excellent Tips To Help You Deal With Depression  http://ift.tt/1FFZG18¬†,[],['http://ift.tt/1FFZG18'],[],0,0,0,[],[],https://twitter.com/maganmar76k56/status/601533358120837120,False,,0,,,,,,,"[{'user_id': '3133638781', 'username': 'maganmar76k56'}]",
601533316089516032,601533316089516032,1432251693000,2015-05-22,05:11:33,IST,452442162,mikeybatman90,Michael Zedick,,This depression shit gets worse and harder each fucking day,[],[],[],0,0,0,[],[],https://twitter.com/MikeyBatman90/status/601533316089516032,False,,0,,,,,,,"[{'user_id': '452442162', 'username': 'MikeyBatman90'}]",
601533314898534400,601533314898534400,1432251692000,2015-05-22,05:11:32,IST,23141496,allyatl,allyATL,,Im very open about my manic depression. Sum days taste like lemonade sum days feel like razorblades. Mite snap out of it or I mite just snap,[],[],[],2,2,14,[],[],https://twitter.com/allyATL/status/601533314898534400,False,,0,,,,,,,"[{'user_id': '23141496', 'username': 'allyATL'}]",
601533267855151104,601533267855151104,1432251681000,2015-05-22,05:11:21,IST,2983520649,bakerkaytlin,Kaytlin Baker,,I feel a flow of depression coming my way. It doesn't feel too good. I can tel this is gonna be a bad summer.. üòí,[],[],[],0,0,0,[],[],https://twitter.com/BakerKaytlin/status/601533267855151104,False,,0,,,,,,,"[{'user_id': '2983520649', 'username': 'BakerKaytlin'}]",
601533262843015169,601533262843015169,1432251680000,2015-05-22,05:11:20,IST,3128362784,arlintpo37465,Arlinda Holmgrens,,Excellent Tips To Help You Deal With Depression  http://ift.tt/1FFZG18¬†,[],['http://ift.tt/1FFZG18'],[],0,0,0,[],[],https://twitter.com/arlintpo37465/status/601533262843015169,False,,0,,,,,,,"[{'user_id': '3128362784', 'username': 'arlintpo37465'}]",
601533234640486400,601533234640486400,1432251673000,2015-05-22,05:11:13,IST,1859237894,lance_crossley,Lance Crossley,,How A Machine Learned To Spot Depression  http://n.pr/1ISaLLs¬†,[],['http://n.pr/1ISaLLs'],[],0,0,0,[],[],https://twitter.com/Lance_Crossley/status/601533234640486400,False,,0,,,,,,,"[{'user_id': '1859237894', 'username': 'Lance_Crossley'}]",
601533168521445377,601533168521445377,1432251657000,2015-05-22,05:10:57,IST,16411403,brianloging,Brian Loging,,16 Damaging Myths About Depression You Need To Stop Believing  http://flip.it/kve3P¬†,[],['http://flip.it/kve3P'],[],0,0,0,[],[],https://twitter.com/BrianLoging/status/601533168521445377,False,,0,,,,,,,"[{'user_id': '16411403', 'username': 'BrianLoging'}]",
601533165815996417,601533165815996417,1432251657000,2015-05-22,05:10:57,IST,160108619,vooodoodolll,VoodooDoll,,Nostalgie Depression - Forever + The Glory of Your Eyes:  http://youtu.be/zH4bCKO8L0w?a¬† a trav√©s de @YouTube,['youtube'],['http://youtu.be/zH4bCKO8L0w?a'],[],0,0,0,[],[],https://twitter.com/VooodooDolll/status/601533165815996417,False,,0,,,,,,,"[{'user_id': '160108619', 'username': 'VooodooDolll'}, {'user_id': '10228272', 'username': 'YouTube'}]",
601533064158777345,601533064158777345,1432251633000,2015-05-22,05:10:33,IST,3128543672,kamilno8475,Kamil wildley,,Excellent Tips To Help You Deal With Depression  http://ift.tt/1FFZG18¬†,[],['http://ift.tt/1FFZG18'],[],0,0,0,[],[],https://twitter.com/kamilno8475/status/601533064158777345,False,,0,,,,,,,"[{'user_id': '3128543672', 'username': 'kamilno8475'}]",
601533062422343680,601533062422343680,1432251632000,2015-05-22,05:10:32,IST,3107974099,tonew1966,Lawrence Tomlinson,,Excellent Tips To Help You Deal With Depression  http://ift.tt/1FFZG18¬†,[],['http://ift.tt/1FFZG18'],[],0,0,0,[],[],https://twitter.com/Tonew1966/status/601533062422343680,False,,0,,,,,,,"[{'user_id': '3107974099', 'username': 'Tonew1966'}]",
601533039462719489,601531692130635776,1432251627000,2015-05-22,05:10:27,IST,2809284941,lwsradio,Lanada Williams,,@EmpowHER #lwsradio 6.7 % of US adults live with major depression and dont seek treatment due to stigma,['empowher'],[],[],0,1,1,['#lwsradio'],[],https://twitter.com/lwsradio/status/601533039462719489,False,,0,,,,,,,"[{'user_id': '2809284941', 'username': 'lwsradio'}, {'user_id': '13638892', 'username': 'EmpowHER'}]",
601533033813008386,601533033813008386,1432251625000,2015-05-22,05:10:25,IST,2885804137,healthazs,Health & Fitness,,16 Damaging Myths About Depression You Need To Stop Believing: ‚ÄúCan‚Äôt you just snap out of‚Ä¶  http://goo.gl/fb/fW32Pr¬†,[],['http://goo.gl/fb/fW32Pr'],[],0,0,0,[],[],https://twitter.com/healthazs/status/601533033813008386,False,,0,,,,,,,"[{'user_id': '2885804137', 'username': 'healthazs'}]",
601533031241908224,601533031241908224,1432251625000,2015-05-22,05:10:25,IST,3072193772,liffirtussis51,Lou Horrell,,Excellent Tips To Help You Deal With Depression  http://ift.tt/1FFZG18¬†,[],['http://ift.tt/1FFZG18'],[],0,0,0,[],[],https://twitter.com/Liffirtussis51/status/601533031241908224,False,,0,,,,,,,"[{'user_id': '3072193772', 'username': 'Liffirtussis51'}]",
601533013692919808,601533013692919808,1432251621000,2015-05-22,05:10:21,IST,2734316236,bryvni,.,,On god. I wouldn't wish depression on my worst enemy. Shit sucks.,[],[],[],0,0,0,[],[],https://twitter.com/bryvni/status/601533013692919808,False,,0,,,,,,,"[{'user_id': '2734316236', 'username': 'bryvni'}]",
601532999465701377,601532999465701377,1432251617000,2015-05-22,05:10:17,IST,2887642115,newmomsemotions,New Mothers Emotions,,The Many FACEs of Depression.... Please read & share!!!  http://fb.me/2jLVihJeg¬†,[],['http://fb.me/2jLVihJeg'],[],0,0,2,[],[],https://twitter.com/NewMomsEmotions/status/601532999465701377,False,,0,,,,,,,"[{'user_id': '2887642115', 'username': 'NewMomsEmotions'}]",
601532972466982912,601532972466982912,1432251611000,2015-05-22,05:10:11,IST,2385899438,leonorebarthel,Tonsil Stone Removal,,"Emotional Freedom Technique: Discover the method used by many to eliminate stress, bad habits, depression and more.  http://dlvr.it/9w8gxL¬†",[],['http://dlvr.it/9w8gxL'],[],0,0,0,[],[],https://twitter.com/LeonoreBarthel/status/601532972466982912,False,,0,,,,,,,"[{'user_id': '2385899438', 'username': 'LeonoreBarthel'}]",
601532950228926466,601532950228926466,1432251605000,2015-05-22,05:10:05,IST,3142774440,majoriewi324,majorie wahlero,,Excellent Tips To Help You Deal With Depression  http://ift.tt/1FFZG18¬†,[],['http://ift.tt/1FFZG18'],[],0,0,0,[],[],https://twitter.com/majoriewi324/status/601532950228926466,False,,0,,,,,,,"[{'user_id': '3142774440', 'username': 'majoriewi324'}]",
601532888627224579,601529282029051904,1432251591000,2015-05-22,05:09:51,IST,250640432,nm_mja,FrancaisDeSousse,,@krimbranine @Beurfm @SophiaAram ne doit jamais oublier qu elle fut la pire presentatrice tV de l histoire du PaF et sa depression,"['krimbranine', 'beurfm', 'sophiaaram']",[],[],0,1,1,[],[],https://twitter.com/Nm_Mja/status/601532888627224579,False,,0,,,,,,,"[{'user_id': '250640432', 'username': 'Nm_Mja'}, {'user_id': '134947251', 'username': 'krimbranine'}, {'user_id': '126912161', 'username': 'Beurfm'}, {'user_id': '200814625', 'username': 'SophiaAram'}]",
601532842758176768,601532842758176768,1432251580000,2015-05-22,05:09:40,IST,411885368,bradenbrown24,Stanley Cup Champs Braden,,So who wants to hang out and pull me out of my depression?,[],[],[],0,0,0,[],[],https://twitter.com/BradenBrown24/status/601532842758176768,False,,0,,,,,,,"[{'user_id': '411885368', 'username': 'BradenBrown24'}]",
601532831492214784,601532831492214784,1432251577000,2015-05-22,05:09:37,IST,40142736,coffylady,CoffyLady‚òïÔ∏è,,World‚Äôs Most Expensive Spice Your Cheapest Treatment for Depression |  http://americanprosperityhealth.com/healthy-living/expensive-spice-cheapest-treatment-depression/¬†‚Ä¶,[],['http://americanprosperityhealth.com/healthy-living/expensive-spice-cheapest-treatment-depression/'],[],0,0,2,[],[],https://twitter.com/CoffyLady/status/601532831492214784,False,,0,,,,,,,"[{'user_id': '40142736', 'username': 'CoffyLady'}]",
601532716287447040,601532716287447040,1432251550000,2015-05-22,05:09:10,IST,599456116,madamesarge,Catherine Sargefield,,13 Things To Remember When You Love A Person Who Has Depression  http://fb.me/7fvWnvO6A¬†,[],['http://fb.me/7fvWnvO6A'],[],0,0,0,[],[],https://twitter.com/MadameSarge/status/601532716287447040,False,,0,,,,,,,"[{'user_id': '599456116', 'username': 'MadameSarge'}]",
601532711535321088,601532711535321088,1432251549000,2015-05-22,05:09:09,IST,32083082,trinitymalik,trinity jonas,,And the depression kicks in,[],[],[],0,0,0,[],[],https://twitter.com/TrinityMalik/status/601532711535321088,False,,0,,,,,,,"[{'user_id': '32083082', 'username': 'TrinityMalik'}]",
601532641934880769,601532641934880769,1432251532000,2015-05-22,05:08:52,IST,223295814,yellmagazine,Yell!,,New Music: Ghost Key Confronts Depression On ‚ÄúDismantle‚Äù  http://bit.ly/1Skw5he¬†,[],['http://bit.ly/1Skw5he'],[],0,0,0,[],[],https://twitter.com/YellMagazine/status/601532641934880769,False,,0,,,,,,,"[{'user_id': '223295814', 'username': 'YellMagazine'}]",
601532604303544320,601532604303544320,1432251523000,2015-05-22,05:08:43,IST,281367479,mojica119,Ivan Mojica,,I guess this is what depression feels like. This is my life.,[],[],[],1,0,0,[],[],https://twitter.com/Mojica119/status/601532604303544320,False,,0,,,,,,,"[{'user_id': '281367479', 'username': 'Mojica119'}]",
601532604001615872,601532604001615872,1432251523000,2015-05-22,05:08:43,IST,256932183,defiantly_true,Laneene Rutherford üåå‚úíüíñ üá≥üáø,,"Such an awesome understanding of Depression...share, share, share!  http://fb.me/2axUO98x1¬†",[],['http://fb.me/2axUO98x1'],[],0,0,0,[],[],https://twitter.com/Defiantly_True/status/601532604001615872,False,,0,,,,,,,"[{'user_id': '256932183', 'username': 'Defiantly_True'}]",
601532534443286528,601532534443286528,1432251506000,2015-05-22,05:08:26,IST,1471555724,russmetallbot,„É≠„Ç∑„Ç¢„É≥„É°„Çø„É´bot,,Dominia - Mountains of God's Depression(2006)  http://youtu.be/GpCIWJBS47k¬† [„Ç¥„Ç∑„ÉÉ„ÇØ„É°„Çø„É´]„É¥„Ç°„Ç§„Ç™„É™„É≥„ÅÆÁâ©ÊÇ≤„Åó„ÅÑÊóãÂæã„ÅåÂäáÁöÑ„Å´Áæé„Åó„ÅÑ„ÄÇËã±Ë™ûÊ≠åÂî±„ÄÇ1st„Çà„Çä,[],['http://youtu.be/GpCIWJBS47k'],[],0,0,0,[],[],https://twitter.com/Russmetallbot/status/601532534443286528,False,,0,,,,,,,"[{'user_id': '1471555724', 'username': 'Russmetallbot'}]",
601532530974666753,601532530974666753,1432251505000,2015-05-22,05:08:25,IST,2366165300,alexgreenshow,New Green Revolution,,Blow Jobs Are Good for a Woman's Health and Help Fight Depression  http://fb.me/4LryMSB8z¬†,[],['http://fb.me/4LryMSB8z'],[],0,0,0,[],[],https://twitter.com/alexgreenshow/status/601532530974666753,False,,0,,,,,,,"[{'user_id': '2366165300', 'username': 'alexgreenshow'}]",
601532518739922944,601532518739922944,1432251503000,2015-05-22,05:08:23,IST,1137341378,lmorrisontr,Lee Morrison,,"People with depression were much more likely to develop Parkinson's disease years later, Swedish researchers report in a new study.",[],[],[],0,1,1,[],[],https://twitter.com/lmorrisonTR/status/601532518739922944,False,,0,,,,,,,"[{'user_id': '1137341378', 'username': 'lmorrisonTR'}]",
601532440222433281,601531926638243840,1432251484000,2015-05-22,05:08:04,IST,42762417,georgevaraiza,George Araiza,,"@PsychToday @DeggesWhite Friend may need therapy/medication for depression, bipolar, & trauma. Investigate & don't jump to conclusions.","['psychtoday', 'deggeswhite']",[],[],0,0,1,[],[],https://twitter.com/georgevaraiza/status/601532440222433281,False,,0,,,,,,,"[{'user_id': '42762417', 'username': 'georgevaraiza'}, {'user_id': '27726303', 'username': 'PsychToday'}, {'user_id': '1961477179', 'username': 'DeggesWhite'}]",
601532394248675328,601532394248675328,1432251473000,2015-05-22,05:07:53,IST,2148094992,fedup4brain,Fedup4Brain,,"Depression Raises Parkinson's Risk, Study Confirms  http://fb.me/22bIGPDs0¬†",[],['http://fb.me/22bIGPDs0'],[],0,0,2,[],[],https://twitter.com/Fedup4Brain/status/601532394248675328,False,,0,,,,,,,"[{'user_id': '2148094992', 'username': 'Fedup4Brain'}]",
601532385021288448,601532385021288448,1432251471000,2015-05-22,05:07:51,IST,63545752,ayup_beck,Becky Dodds,,Omg don't tell the bride to be depression,[],[],[],0,0,0,[],[],https://twitter.com/ayup_beck/status/601532385021288448,False,,0,,,,,,,"[{'user_id': '63545752', 'username': 'ayup_beck'}]",
601532357972201472,601532357972201472,1432251464000,2015-05-22,05:07:44,IST,102206444,drhcaldicott,helen caldicott,,He makes a lot of sense. Bernie Sanders: 'Problems Today May Well Be More Severe Than Great Depression'  http://readersupportednews.org/news-section2/318-66/30272-bernie-sanders-problems-today-may-well-be-more-severe-than-great-depression¬†‚Ä¶,[],['http://readersupportednews.org/news-section2/318-66/30272-bernie-sanders-problems-today-may-well-be-more-severe-than-great-depression'],[],0,8,3,[],[],https://twitter.com/DrHCaldicott/status/601532357972201472,False,,0,,,,,,,"[{'user_id': '102206444', 'username': 'DrHCaldicott'}]",
601532342004523008,601532342004523008,1432251460000,2015-05-22,05:07:40,IST,223547596,oklahomawatch,Oklahoma Watch,,Washington: Doctors often not very good at addressing a major women's mental health issue - postpartum depression.,[],[],[],0,0,1,[],[],https://twitter.com/OklahomaWatch/status/601532342004523008,False,,0,,,,,,,"[{'user_id': '223547596', 'username': 'OklahomaWatch'}]",
601532285469499392,601532285469499392,1432251447000,2015-05-22,05:07:27,IST,902428952,cannabisresins,Cannabis Resins Mag,,RT weedsglass: RT THEMMEXCHANGE: Cannabis and Depression #depression #cannabis #medicalmarijuana #marijuana #cbd #hempoil #thc ‚Ä¶ www.weeds‚Ä¶,[],[],[],0,0,0,"['#depression', '#cannabis', '#medicalmarijuana', '#marijuana', '#cbd', '#hempoil', '#thc']",[],https://twitter.com/cannabisresins/status/601532285469499392,False,,0,,,,,,,"[{'user_id': '902428952', 'username': 'cannabisresins'}]",
601532138144407552,601532138144407552,1432251412000,2015-05-22,05:06:52,IST,2220114134,gmz23alex,IVXX,,üò™ Depression hits..,[],[],[],0,0,0,[],[],https://twitter.com/Gmz23Alex/status/601532138144407552,False,,0,,,,,,,"[{'user_id': '2220114134', 'username': 'Gmz23Alex'}]",
601532106464858112,601487038278406144,1432251404000,2015-05-22,05:06:44,IST,2740113798,lushdemetrial,K,,@yourlesbislut I'm sorry Hun I tweet things like that because I have depression,['yourlesbislut'],[],[],1,0,0,[],[],https://twitter.com/LushDemetriaL/status/601532106464858112,False,,0,,,,,,,"[{'user_id': '2740113798', 'username': 'LushDemetriaL'}, {'user_id': '2944204664', 'username': 'yourlesbislut'}]",
601532104816594944,601532104816594944,1432251404000,2015-05-22,05:06:44,IST,185826203,iamnpaterson,Natalie Paterson,,"A family friend tells us Elvin Diaz, killed in the police involved shooting today in hackensack, had been battling depression. @FiOS1NewsNJ",['fios1newsnj'],[],[],0,1,3,[],[],https://twitter.com/IamNPaterson/status/601532104816594944,False,,0,,,,,,,"[{'user_id': '185826203', 'username': 'IamNPaterson'}, {'user_id': '859793215', 'username': 'FiOS1NewsNJ'}]",
601532085816446977,601532085816446977,1432251399000,2015-05-22,05:06:39,IST,440192008,rpicar59,Richard,,Bernie Sanders: 'Problems Today May Well Be More Severe Than Great Depression'  http://readersupportednews.org/news-section2/318-66/30272-bernie-sanders-problems-today-may-well-be-more-severe-than-great-depression¬†‚Ä¶,[],['http://readersupportednews.org/news-section2/318-66/30272-bernie-sanders-problems-today-may-well-be-more-severe-than-great-depression'],[],0,0,0,[],[],https://twitter.com/RPicar59/status/601532085816446977,False,,0,,,,,,,"[{'user_id': '440192008', 'username': 'RPicar59'}]",
601532084029620224,601478909570482177,1432251399000,2015-05-22,05:06:39,IST,18244573,chrstphr_,saint,,"@vgr @pmarca Virtual Reality, but not for gaming. Build as platform to combat/alleviate social anxiety, isolation, depression, etc.","['vgr', 'pmarca']",[],[],2,1,12,[],[],https://twitter.com/chrstphr_/status/601532084029620224,False,,0,,,,,,,"[{'user_id': '18244573', 'username': 'chrstphr_'}, {'user_id': '8500962', 'username': 'vgr'}, {'user_id': '5943622', 'username': 'pmarca'}]",
601531981097144322,601531981097144322,1432251374000,2015-05-22,05:06:14,IST,52546360,bakey_jo,Blake Case,,"My dad made me watch Legends of the Fall last night, and I've been operating all day through a bout of mild depression.",[],[],[],0,0,1,[],[],https://twitter.com/Bakey_Jo/status/601531981097144322,False,,0,,,,,,,"[{'user_id': '52546360', 'username': 'Bakey_Jo'}]",
590666211836428288,590666211836428288,1429660773000,2015-04-22,05:29:33,IST,621591875,brittanylaura6,The GrudgeüíÄ,,My depression is eating me alive,[],[],[],0,1,3,[],[],https://twitter.com/brittanylaura6/status/590666211836428288,False,,0,,,,,,,"[{'user_id': '621591875', 'username': 'brittanylaura6'}]",
590666168391884802,590666168391884802,1429660763000,2015-04-22,05:29:23,IST,61869915,bmartin1776,SavingtheRepublic ‚ò†Ô∏èüá∫üá∏üáÆüáπ,,Obama Claims He Yanked the US Economy Out of Worst Recession Since Great¬†Depression  http://wp.me/p1VRSn-6JB¬†,[],['http://wp.me/p1VRSn-6JB'],[],0,0,0,[],[],https://twitter.com/BMartin1776/status/590666168391884802,False,,0,,,,,,,"[{'user_id': '61869915', 'username': 'BMartin1776'}]",
590666108056825857,590666108056825857,1429660748000,2015-04-22,05:29:08,IST,2155462266,biosquat,BioInnoPlayground,,Startup developing a magnetic field treatment for depression gets $14M - Boston Business Journal (blog)  http://buff.ly/1HgsEVd¬† #biotech #‚Ä¶,[],['http://buff.ly/1HgsEVd'],[],0,0,0,['#biotech'],[],https://twitter.com/BioSquat/status/590666108056825857,False,,0,,,,,,,"[{'user_id': '2155462266', 'username': 'BioSquat'}]",
590666100603539456,590666100603539456,1429660747000,2015-04-22,05:29:07,IST,176559858,truehopeempower,Truehope Nutritional Support Ltd.,,Why Some Depressed People Hate Being Told to ‚ÄòCheer Up‚Äô  http://buff.ly/1G3MTjk¬† by @PsyBlog #depression #mentalhealth pic.twitter.com/PgkggWCVXS,['psyblog'],['http://buff.ly/1G3MTjk'],['https://pbs.twimg.com/media/CDJ3sF3W0AMSl4h.jpg'],1,2,1,"['#depression', '#mentalhealth']",[],https://twitter.com/TruehopeEmpower/status/590666100603539456,False,,0,,,,,,,"[{'user_id': '176559858', 'username': 'TruehopeEmpower'}, {'user_id': '51435711', 'username': 'PsyBlog'}]",
590666081926303744,590666081926303744,1429660742000,2015-04-22,05:29:02,IST,718581001,nkosimusic,NK√òSI,,"@mrsburrows , you're the reason for my depression. Fuck you",['mrsburrows'],[],[],0,0,0,[],[],https://twitter.com/nkosimusic/status/590666081926303744,False,,0,,,,,,,"[{'user_id': '718581001', 'username': 'nkosimusic'}, {'user_id': '45426319', 'username': 'mrsburrows'}]",
590666067682398208,590666067682398208,1429660739000,2015-04-22,05:28:59,IST,161860941,kblairxo,Kristin ‚ú®,,Whenever I think I'm getting better my depression and anxiety starts kicking my ass again,[],[],[],0,0,0,[],[],https://twitter.com/kblairxo/status/590666067682398208,False,,0,,,,,,,"[{'user_id': '161860941', 'username': 'kblairxo'}]",
590666055489564673,590666055489564673,1429660736000,2015-04-22,05:28:56,IST,3000369211,cowell_nicole,Nicole Cowell,, http://www.nimh.nih.gov/news/science-news/science-news-about-womens-mental-health.shtml¬†‚Ä¶ Depression after puberty linked to low birth weight,[],['http://www.nimh.nih.gov/news/science-news/science-news-about-womens-mental-health.shtml'],[],0,0,0,[],[],https://twitter.com/cowell_nicole/status/590666055489564673,False,,0,,,,,,,"[{'user_id': '3000369211', 'username': 'cowell_nicole'}]",
590666039916105730,590656080922992642,1429660732000,2015-04-22,05:28:52,IST,2945675045,casey_brolo,Casey,,@Rydog I legit have crippling depression. Good thing halts insurance is so expensive.,['rydog'],[],[],0,0,0,[],[],https://twitter.com/Casey_Brolo/status/590666039916105730,False,,0,,,,,,,"[{'user_id': '2945675045', 'username': 'Casey_Brolo'}, {'user_id': '18797345', 'username': 'Rydog'}]",
590665996849020929,590665996849020929,1429660722000,2015-04-22,05:28:42,IST,393416757,fitnessbody4y,Oulyons Healthy Body,,Weight Loss and Depression  http://bit.ly/1GZLGMg¬† pic.twitter.com/1CT1XyfmnQ,[],['http://bit.ly/1GZLGMg'],['https://pbs.twimg.com/media/CDJ3l6_WgAAE3Bv.jpg'],0,0,1,[],[],https://twitter.com/FitnessBody4y/status/590665996849020929,False,,0,,,,,,,"[{'user_id': '393416757', 'username': 'FitnessBody4y'}]",
590665984333258753,590665984333258753,1429660719000,2015-04-22,05:28:39,IST,2721062262,santoskaileb,Kaile,,How to get out of depression :3,[],[],[],0,0,0,[],[],https://twitter.com/SantoskaileB/status/590665984333258753,False,,0,,,,,,,"[{'user_id': '2721062262', 'username': 'SantoskaileB'}]",
590665916364488707,590665916364488707,1429660703000,2015-04-22,05:28:23,IST,456246070,untitledforabit,NoNameforNow‚ö°[BTC]üêùüá®üá¶,,I liked a @YouTube video from @thesneako  http://youtu.be/yhaDcfLKbTU?a¬† Dealing with Depression - Ill Mind of SNEAKO 7,"['youtube', 'thesneako']",['http://youtu.be/yhaDcfLKbTU?a'],[],0,0,1,[],[],https://twitter.com/UntitledForaBit/status/590665916364488707,False,,0,,,,,,,"[{'user_id': '456246070', 'username': 'UntitledForaBit'}, {'user_id': '10228272', 'username': 'YouTube'}, {'user_id': '588703829', 'username': 'TheSNEAKO'}]",
590665914741301249,590665914741301249,1429660702000,2015-04-22,05:28:22,IST,1062716244,pharma_global,Global Pharma News,,"Mindfulness-Based Therapy as Good as Meds for Depression, Study Says - U.S. News & World‚Ä¶  http://goo.gl/fb/ZK7w5F¬†",[],['http://goo.gl/fb/ZK7w5F'],[],0,0,0,[],[],https://twitter.com/pharma_global/status/590665914741301249,False,,0,,,,,,,"[{'user_id': '1062716244', 'username': 'pharma_global'}]",
590665899667025924,590665899667025924,1429660699000,2015-04-22,05:28:19,IST,3133829785,xuansoui58674,xuan soulag,,Beating The Blues: Tips And Tricks To Help With Depression  http://ift.tt/1DbqXRg¬†,[],['http://ift.tt/1DbqXRg'],[],0,0,0,[],[],https://twitter.com/xuansoui58674/status/590665899667025924,False,,0,,,,,,,"[{'user_id': '3133829785', 'username': 'xuansoui58674'}]",
590665875260317696,590665875260317696,1429660693000,2015-04-22,05:28:13,IST,286318755,normalight,"Norma Campbell, MSW, MA",,Problems help u to gain clarity about what u truly want. #healing #anxiety #psychotherapy #depression #intuition #meditation #self #book,[],[],[],0,0,0,"['#healing', '#anxiety', '#psychotherapy', '#depression', '#intuition', '#meditation', '#self', '#book']",[],https://twitter.com/normalight/status/590665875260317696,False,,0,,,,,,,"[{'user_id': '286318755', 'username': 'normalight'}]",
590665863608541184,590665863608541184,1429660690000,2015-04-22,05:28:10,IST,3005964418,hathimerent357,Rosemary Rakes,,Beating The Blues: Tips And Tricks To Help With Depression  http://ift.tt/1DbqXRg¬†,[],['http://ift.tt/1DbqXRg'],[],0,0,0,[],[],https://twitter.com/Hathimerent357/status/590665863608541184,False,,0,,,,,,,"[{'user_id': '3005964418', 'username': 'Hathimerent357'}]",
590665863474315264,590665863474315264,1429660690000,2015-04-22,05:28:10,IST,3000869878,amateurpunk,communist box,,depression headaches ://,[],[],[],0,0,0,[],[],https://twitter.com/amateurpunk/status/590665863474315264,False,,0,,,,,,,"[{'user_id': '3000869878', 'username': 'amateurpunk'}]",
590665818645667840,590665818645667840,1429660679000,2015-04-22,05:27:59,IST,2199993907,mariannesf2013,Marianne,,"Depression Awareness Week 2015: 10 Facts About Depression Symptoms, Medication And More  http://fb.me/1UZQM9bU3¬†",[],['http://fb.me/1UZQM9bU3'],[],0,0,0,[],[],https://twitter.com/MarianneSF2013/status/590665818645667840,False,,0,,,,,,,"[{'user_id': '2199993907', 'username': 'MarianneSF2013'}]",
590665740719673345,590665740719673345,1429660661000,2015-04-22,05:27:41,IST,20310610,philswales,COMEDY PHIL,,I need help. Depression is slowly eroding me. :-(,[],[],[],0,0,0,[],[],https://twitter.com/philswales/status/590665740719673345,False,,0,,,,,,,"[{'user_id': '20310610', 'username': 'philswales'}]",
590665738849034241,590665738849034241,1429660660000,2015-04-22,05:27:40,IST,2920619140,sarahcbruno,sb,,post nica depression continues #takemeback #now,[],[],[],0,1,1,"['#takemeback', '#now']",[],https://twitter.com/sarahcbruno/status/590665738849034241,False,,0,,,,,,,"[{'user_id': '2920619140', 'username': 'sarahcbruno'}]",
590665731957751808,590665731957751808,1429660659000,2015-04-22,05:27:39,IST,961161890,jazzarell,jazz,,I'm going to find out she doesn't like me and I'll spiral into a deep dark depression,[],[],[],0,0,0,[],[],https://twitter.com/Jazzarell/status/590665731957751808,False,,0,,,,,,,"[{'user_id': '961161890', 'username': 'Jazzarell'}]",
579794669728497664,579794669728497664,1427068795000,2015-03-23,05:29:55,IST,2889003809,xlifexquotesz,Life Quotesz,,#LifeQuotes #depressed #depression #sadness #hurt #pain #angry #badday #life #quotestags #quote‚Ä¶  https://instagram.com/p/0jJ9C1iXWc/¬†,[],['https://instagram.com/p/0jJ9C1iXWc/'],[],0,0,0,"['#lifequotes', '#depressed', '#depression', '#sadness', '#hurt', '#pain', '#angry', '#badday', '#life', '#quotestags', '#quote']",[],https://twitter.com/XLIFEXQUOTESZ/status/579794669728497664,False,,0,,,,,,,"[{'user_id': '2889003809', 'username': 'XLIFEXQUOTESZ'}]",
579794598974779392,579794598974779392,1427068779000,2015-03-23,05:29:39,IST,1012824523,depressingmsgs,Depression Quotes‚Ñ¢,,"she hides all her problems behind a smile. behind her smile is a world of pain and hurt. you think you know her, but you really have no idea",[],[],[],4,1234,1190,[],[],https://twitter.com/depressingmsgs/status/579794598974779392,False,,0,,,,,,,"[{'user_id': '1012824523', 'username': 'depressingmsgs'}]",
579794585712373760,579794585712373760,1427068775000,2015-03-23,05:29:35,IST,1378758211,drnutritionshow,Dr's Nutrition Show,,Low #iron can cause depression and anxiety.  http://bit.ly/1dwfzcF¬†,[],['http://bit.ly/1dwfzcF'],[],0,0,0,['#iron'],[],https://twitter.com/DrNutritionShow/status/579794585712373760,False,,0,,,,,,,"[{'user_id': '1378758211', 'username': 'DrNutritionShow'}]",
579794565751648256,579794565751648256,1427068771000,2015-03-23,05:29:31,IST,1628428910,templetrotter,Temple Trotter,,"@ShedG Would love to share my triumph over obesity, diabetes and depression with your audience 150+ lost  http://ow.ly/JrruK¬†",['shedg'],['http://ow.ly/JrruK'],[],1,0,0,[],[],https://twitter.com/TempleTrotter/status/579794565751648256,False,,0,,,,,,,"[{'user_id': '1628428910', 'username': 'TempleTrotter'}, {'user_id': '77026727', 'username': 'ShedG'}]",
579794547888271360,579794547888271360,1427068766000,2015-03-23,05:29:26,IST,604938205,effeminateboy,Un Gar√ßon Au F√©minin,,#Abstention rime avec d√©pression pour la #Gauche.   N'oubliez pas de voter au second tour !  #D√©partementales2015 pic.twitter.com/976VSirmvC,[],[],['https://pbs.twimg.com/media/CAvYEXWXIAAPV5Q.jpg'],0,1,0,"['#abstention', '#gauche', '#d√©partementales2015']",[],https://twitter.com/EffeminateBoy/status/579794547888271360,False,,0,,,,,,,"[{'user_id': '604938205', 'username': 'EffeminateBoy'}]",
579794512152637440,579794512152637440,1427068758000,2015-03-23,05:29:18,IST,92674584,business90,Martin Vika,,Brad Feld Q&A: Bring depression out of the shadows in startups (bizjournals),[],[],[],0,0,0,[],[],https://twitter.com/business90/status/579794512152637440,False,,0,,,,,,,"[{'user_id': '92674584', 'username': 'business90'}]",
579794490820530176,579794490820530176,1427068753000,2015-03-23,05:29:13,IST,2868470206,420ricelover,bea loves shawn,,school tomorrow brb kms. no more stalking shawn's twitter and the worst part is i still have post concert depression.,[],[],[],0,0,1,[],[],https://twitter.com/420ricelover/status/579794490820530176,False,,0,,,,,,,"[{'user_id': '2868470206', 'username': '420ricelover'}]",
579794478082314242,579794185034715136,1427068750000,2015-03-23,05:29:10,IST,1006257055,justin2_mariano,Justin,,@rochellemarella OO HUHUHUHUHUHUHU. DEPRESSION HUHUHUHU. WALA MAN LANG SILANG INTERVIEW DITOOOO ??,[],[],[],1,0,1,[],[],https://twitter.com/justin2_mariano/status/579794478082314242,False,,0,,,,,,,"[{'user_id': '1006257055', 'username': 'justin2_mariano'}]",
579794475234541568,579794475234541568,1427068749000,2015-03-23,05:29:09,IST,26543831,jj7t7,Jonny,,"#TweetConfection  ""@ptoups78: When you get a wine hangover...it's called....  The Grape Depression""",['ptoups78'],[],[],0,0,2,['#tweetconfection'],[],https://twitter.com/JJ7T7/status/579794475234541568,False,,0,,,,,,,"[{'user_id': '26543831', 'username': 'JJ7T7'}, {'user_id': '208775331', 'username': 'ptoups78'}]",
579794444511289344,579794444511289344,1427068742000,2015-03-23,05:29:02,IST,2608656194,meganbeninato,Megan Beninato,,Post-vacation depression is quickly setting in.,[],[],[],0,0,1,[],[],https://twitter.com/MeganBeninato/status/579794444511289344,False,,0,,,,,,,"[{'user_id': '2608656194', 'username': 'MeganBeninato'}]",
579794443345084416,579792647633666049,1427068742000,2015-03-23,05:29:02,IST,1581385280,worcp,Jordie Jordan,,@SteveRudinABC7 @ecrawford27 both of you are giving me depression fuck,['steverudinabc7'],[],[],1,0,0,[],[],https://twitter.com/WORCP/status/579794443345084416,False,,0,,,,,,,"[{'user_id': '1581385280', 'username': 'WORCP'}, {'user_id': '174602775', 'username': 'SteveRudinABC7'}]",
579794440920907776,579794440920907776,1427068741000,2015-03-23,05:29:01,IST,3059689168,sylchra,Syl Chra,,Notice! Every setback is fertilizer for success. #goodad #GoodAdviceIn4Words #success #fertilizer #depression #depression #challenge,[],[],[],0,0,0,"['#goodad', '#goodadvicein4words', '#success', '#fertilizer', '#depression', '#depression', '#challenge']",[],https://twitter.com/sylchra/status/579794440920907776,False,,0,,,,,,,"[{'user_id': '3059689168', 'username': 'sylchra'}]",
579794433077547009,579794433077547009,1427068739000,2015-03-23,05:28:59,IST,21238841,lorylady,Margrethe,,A must-read for anyone who has ever battled depression (our numbers are legion).  http://www.huffingtonpost.com/andrea-wachter/depression_b_6894546.html?ncid=tweetlnkushpmg00000033¬†‚Ä¶,[],['http://www.huffingtonpost.com/andrea-wachter/depression_b_6894546.html?ncid=tweetlnkushpmg00000033'],[],0,0,1,[],[],https://twitter.com/lorylady/status/579794433077547009,False,,0,,,,,,,"[{'user_id': '21238841', 'username': 'lorylady'}]",
579794426454614016,579794426454614016,1427068737000,2015-03-23,05:28:57,IST,2445562188,ariyana_mckeown,ùíúùìáùíæùìéùí∂ùìÉùí∂.‚Ñ≥ùí∏ùìÄ‚ÑØ‚Ñ¥ùìåùìÉ,,"Banana is a happy fruit. Eating just one can help relieve irritable emotions, anger or depression.‚Äùüçåüçå",[],[],[],0,0,0,[],[],https://twitter.com/ariyana_mckeown/status/579794426454614016,False,,0,,,,,,,"[{'user_id': '2445562188', 'username': 'ariyana_mckeown'}]",
579794408775634944,579794408775634944,1427068733000,2015-03-23,05:28:53,IST,2744965984,imthegaynana,SamU(„Çµ„É†ÊïôËÇ≤ ),,"Our Generation has had no Great war, no Great Depression. Our war is spiritual. Our depression is our lives.  #SamuBot",[],[],[],0,0,0,['#samubot'],[],https://twitter.com/ImTheGaynana/status/579794408775634944,False,,0,,,,,,,"[{'user_id': '2744965984', 'username': 'ImTheGaynana'}]",
579794396977184769,579794396977184769,1427068730000,2015-03-23,05:28:50,IST,46950549,megdjoy,Maegan Joy,,"People are so so silly, on to my spring break is over mini depression üòÇ",[],[],[],0,0,0,[],[],https://twitter.com/MegDJoy/status/579794396977184769,False,,0,,,,,,,"[{'user_id': '46950549', 'username': 'MegDJoy'}]",
579794378333548544,579794378333548544,1427068726000,2015-03-23,05:28:46,IST,2211624932,lexiegirl2497,‚ú®Lexi girl‚ú®,,Photo: cheshirecatlovespokemon: the-mind-of-depression: . on We Heart It...  http://tmblr.co/ZCd_Er1gWKKMe¬†,[],['http://tmblr.co/ZCd_Er1gWKKMe'],[],0,0,0,[],[],https://twitter.com/lexiegirl2497/status/579794378333548544,False,,0,,,,,,,"[{'user_id': '2211624932', 'username': 'lexiegirl2497'}]",
579794373405253633,579794373405253633,1427068725000,2015-03-23,05:28:45,IST,708316555,melissarene99,Melissa‚òÄ,,"Irritability is a common symptom of depression among men, but not the kind if symptom that would encourage a man to seek help. @LWAPIBpsych",[],[],[],0,0,1,[],[],https://twitter.com/melissarene99/status/579794373405253633,False,,0,,,,,,,"[{'user_id': '708316555', 'username': 'melissarene99'}]",
579794353809412096,579794353809412096,1427068720000,2015-03-23,05:28:40,IST,483889682,xuxa15,Xuxa Cribbs,,Ready to get over this depression quick,[],[],[],0,0,0,[],[],https://twitter.com/Xuxa15/status/579794353809412096,False,,0,,,,,,,"[{'user_id': '483889682', 'username': 'Xuxa15'}]",
579794341532549120,579794341532549120,1427068717000,2015-03-23,05:28:37,IST,935479224,_daddychino,"sincerely,",,battling depression is a bitch,[],[],[],0,0,0,[],[],https://twitter.com/_daddychino/status/579794341532549120,False,,0,,,,,,,"[{'user_id': '935479224', 'username': '_daddychino'}]",
